OrderID,CustomerID,EmployeeID,OrderDate,RequiredDate,ShippedDate,ShipperID,Freight,Shipped Time,ProductID,SupplierID,CategoryID, UnitPrice ,Quantity,Cost Price,Sales Price,Discount
10248,WILMK,5,04-07-2015,01-08-2015,16-07-2015,3,32.38,12,11,5,4, $14.0 ,12, $168.0 , $168.0 ,0%
10248,WILMK,5,04-07-2015,01-08-2015,16-07-2015,3,32.38,12,42,20,5, $9.8 ,10, $98.0 , $98.0 ,0%
10255,RICSU,9,12-07-2015,09-08-2015,15-07-2015,3,148.33,3,2,1,1, $15.2 ,20, $304.0 , $304.0 ,0%
10258,ERNSH,1,17-07-2015,14-08-2015,23-07-2015,1,140.51,6,2,1,1, $15.2 ,50, $760.0 , $759.8 ,20%
10264,FOLKO,6,24-07-2015,21-08-2015,23-08-2015,3,3.67,30,2,1,1, $15.2 ,35, $532.0 , $532.0 ,0%
10248,WILMK,5,04-07-2015,01-08-2015,16-07-2015,3,32.38,12,72,14,4, $34.8 ,5, $174.0 , $174.0 ,0%
10268,GROSR,8,30-07-2015,27-08-2015,02-08-2015,3,66.29,3,72,14,4, $27.8 ,4, $111.2 , $111.2 ,0%
10269,WHITC,5,31-07-2015,14-08-2015,09-08-2015,1,4.56,9,72,14,4, $27.8 ,20, $556.0 , $555.9 ,5%
10272,RATTC,6,02-08-2015,30-08-2015,06-08-2015,2,98.03,4,72,14,4, $27.8 ,24, $667.2 , $667.2 ,0%
10274,VINET,6,06-08-2015,03-09-2015,16-08-2015,1,6.01,10,72,14,4, $27.8 ,7, $194.6 , $194.6 ,0%
10249,TRADH,6,05-07-2015,16-08-2015,10-07-2015,1,11.61,5,14,6,7, $18.6 ,9, $167.4 , $167.4 ,0%
10249,TRADH,6,05-07-2015,16-08-2015,10-07-2015,1,11.61,5,51,24,7, $42.4 ,40," $1,696.0 "," $1,696.0 ",0%
10250,HANAR,4,08-07-2015,05-08-2015,12-07-2015,2,65.83,4,51,24,7, $42.4 ,35," $1,484.0 "," $1,483.8 ",15%
10258,ERNSH,1,17-07-2015,14-08-2015,23-07-2015,1,140.51,6,5,2,2, $17.0 ,65," $1,105.0 "," $1,104.8 ",20%
10262,RATTC,8,22-07-2015,19-08-2015,25-07-2015,3,48.29,3,5,2,2, $17.0 ,12, $204.0 , $203.8 ,20%
10250,HANAR,4,08-07-2015,05-08-2015,12-07-2015,2,65.83,4,41,19,8, $7.7 ,10, $77.0 , $77.0 ,0%
10260,OLDWO,4,19-07-2015,16-08-2015,29-07-2015,1,55.09,10,41,19,8, $7.7 ,16, $123.2 , $123.0 ,25%
10264,FOLKO,6,24-07-2015,21-08-2015,23-08-2015,3,3.67,30,41,19,8, $7.7 ,25, $192.5 , $192.3 ,15%
10262,RATTC,8,22-07-2015,19-08-2015,25-07-2015,3,48.29,3,7,3,7, $24.0 ,15, $360.0 , $360.0 ,0%
10250,HANAR,4,08-07-2015,05-08-2015,12-07-2015,2,65.83,4,65,2,2, $16.8 ,15, $252.0 , $251.8 ,15%
10251,VICTE,3,08-07-2015,05-08-2015,15-07-2015,1,41.34,7,65,2,2, $16.8 ,20, $336.0 , $336.0 ,0%
10251,VICTE,3,08-07-2015,05-08-2015,15-07-2015,1,41.34,7,22,9,5, $16.8 ,6, $100.8 , $100.7 ,5%
10251,VICTE,3,08-07-2015,05-08-2015,15-07-2015,1,41.34,7,57,26,5, $15.6 ,15, $234.0 , $233.9 ,5%
10260,OLDWO,4,19-07-2015,16-08-2015,29-07-2015,1,55.09,10,57,26,5, $15.6 ,50, $780.0 , $780.0 ,0%
10273,QUICK,3,05-08-2015,02-09-2015,12-08-2015,3,76.07,7,10,4,8, $24.8 ,24, $595.2 , $595.1 ,5%
10276,TORTU,8,08-08-2015,22-08-2015,14-08-2015,3,13.84,6,10,4,8, $24.8 ,15, $372.0 , $372.0 ,0%
10252,SUPRD,4,09-07-2015,06-08-2015,11-07-2015,2,51.3,2,20,8,3, $64.8 ,40," $2,592.0 "," $2,591.9 ",5%
10272,RATTC,6,02-08-2015,30-08-2015,06-08-2015,2,98.03,4,20,8,3, $64.8 ,6, $388.8 , $388.8 ,0%
10266,WARTH,3,26-07-2015,06-09-2015,31-07-2015,3,25.73,5,12,5,4, $30.4 ,12, $364.8 , $364.7 ,5%
10252,SUPRD,4,09-07-2015,06-08-2015,11-07-2015,2,51.3,2,33,15,4, $2.0 ,25, $50.0 , $49.9 ,5%
10269,WHITC,5,31-07-2015,14-08-2015,09-08-2015,1,4.56,9,33,15,4, $2.0 ,60, $120.0 , $119.9 ,5%
10271,SPLIR,6,01-08-2015,29-08-2015,30-08-2015,2,4.54,29,33,15,4, $2.0 ,24, $48.0 , $48.0 ,0%
10273,QUICK,3,05-08-2015,02-09-2015,12-08-2015,3,76.07,7,33,15,4, $2.0 ,20, $40.0 , $40.0 ,0%
10276,TORTU,8,08-08-2015,22-08-2015,14-08-2015,3,13.84,6,13,6,8, $4.8 ,10, $48.0 , $48.0 ,0%
10252,SUPRD,4,09-07-2015,06-08-2015,11-07-2015,2,51.3,2,60,28,4, $27.2 ,40," $1,088.0 "," $1,088.0 ",0%
10253,HANAR,3,10-07-2015,24-07-2015,16-07-2015,2,58.17,6,31,14,4, $10.0 ,20, $200.0 , $200.0 ,0%
10272,RATTC,6,02-08-2015,30-08-2015,06-08-2015,2,98.03,4,31,14,4, $10.0 ,40, $400.0 , $400.0 ,0%
10273,QUICK,3,05-08-2015,02-09-2015,12-08-2015,3,76.07,7,31,14,4, $10.0 ,15, $150.0 , $149.9 ,5%
10253,HANAR,3,10-07-2015,24-07-2015,16-07-2015,2,58.17,6,39,18,1, $14.4 ,42, $604.8 , $604.8 ,0%
10257,HILAA,4,16-07-2015,13-08-2015,22-07-2015,3,81.91,6,39,18,1, $14.4 ,6, $86.4 , $86.4 ,0%
10255,RICSU,9,12-07-2015,09-08-2015,15-07-2015,3,148.33,3,16,7,3, $13.9 ,35, $486.5 , $486.5 ,0%
10263,ERNSH,9,23-07-2015,20-08-2015,31-07-2015,3,146.06,8,16,7,3, $13.9 ,60, $834.0 , $833.8 ,25%
10253,HANAR,3,10-07-2015,24-07-2015,16-07-2015,2,58.17,6,49,23,3, $16.0 ,40, $640.0 , $640.0 ,0%
10265,BLONP,2,25-07-2015,22-08-2015,12-08-2015,1,55.28,18,17,7,6, $31.2 ,30, $936.0 , $936.0 ,0%
10254,CHOPS,5,11-07-2015,08-08-2015,23-07-2015,2,22.98,12,24,10,1, $3.6 ,15, $54.0 , $53.8 ,15%
10263,ERNSH,9,23-07-2015,20-08-2015,31-07-2015,3,146.06,8,24,10,1, $3.6 ,28, $100.8 , $100.8 ,0%
10275,MAGAA,1,07-08-2015,04-09-2015,09-08-2015,1,26.93,2,24,10,1, $3.6 ,12, $43.2 , $43.1 ,5%
10254,CHOPS,5,11-07-2015,08-08-2015,23-07-2015,2,22.98,12,55,25,6, $19.2 ,21, $403.2 , $403.0 ,15%
10254,CHOPS,5,11-07-2015,08-08-2015,23-07-2015,2,22.98,12,74,4,7, $8.0 ,21, $168.0 , $168.0 ,0%
10263,ERNSH,9,23-07-2015,20-08-2015,31-07-2015,3,146.06,8,74,4,7, $8.0 ,36, $288.0 , $287.8 ,25%
10259,CENTC,4,18-07-2015,15-08-2015,25-07-2015,3,3.25,7,21,8,3, $8.0 ,10, $80.0 , $80.0 ,0%
10261,QUEDE,4,19-07-2015,16-08-2015,30-07-2015,2,3.05,11,21,8,3, $8.0 ,20, $160.0 , $160.0 ,0%
10255,RICSU,9,12-07-2015,09-08-2015,15-07-2015,3,148.33,3,36,17,8, $15.2 ,25, $380.0 , $380.0 ,0%
10270,WARTH,1,01-08-2015,29-08-2015,02-08-2015,1,136.54,1,36,17,8, $15.2 ,30, $456.0 , $456.0 ,0%
10255,RICSU,9,12-07-2015,09-08-2015,15-07-2015,3,148.33,3,59,28,4, $44.0 ,30," $1,320.0 "," $1,320.0 ",0%
10267,FRANK,4,29-07-2015,26-08-2015,06-08-2015,1,208.58,8,59,28,4, $44.0 ,70," $3,080.0 "," $3,079.8 ",15%
10275,MAGAA,1,07-08-2015,04-09-2015,09-08-2015,1,26.93,2,59,28,4, $44.0 ,6, $264.0 , $263.9 ,5%
10256,WELLI,3,15-07-2015,12-08-2015,17-07-2015,2,13.97,2,53,24,6, $26.2 ,15, $393.0 , $393.0 ,0%
10256,WELLI,3,15-07-2015,12-08-2015,17-07-2015,2,13.97,2,77,12,2, $10.4 ,12, $124.8 , $124.8 ,0%
10257,HILAA,4,16-07-2015,13-08-2015,22-07-2015,3,81.91,6,77,12,2, $10.4 ,15, $156.0 , $156.0 ,0%
10257,HILAA,4,16-07-2015,13-08-2015,22-07-2015,3,81.91,6,27,11,3, $35.1 ,25, $877.5 , $877.5 ,0%
10277,MORGK,2,09-08-2015,06-09-2015,13-08-2015,3,125.77,4,28,12,7, $36.4 ,20, $728.0 , $728.0 ,0%
10268,GROSR,8,30-07-2015,27-08-2015,02-08-2015,3,66.29,3,29,12,6, $99.0 ,10, $990.0 , $990.0 ,0%
10263,ERNSH,9,23-07-2015,20-08-2015,31-07-2015,3,146.06,8,30,13,8, $20.7 ,60," $1,242.0 "," $1,241.8 ",25%
10258,ERNSH,1,17-07-2015,14-08-2015,23-07-2015,1,140.51,6,32,14,4, $25.6 ,6, $153.6 , $153.4 ,20%
10259,CENTC,4,18-07-2015,15-08-2015,25-07-2015,3,3.25,7,37,17,8, $20.8 ,1, $20.8 , $20.8 ,0%
10261,QUEDE,4,19-07-2015,16-08-2015,30-07-2015,2,3.05,11,35,16,1, $14.4 ,20, $288.0 , $288.0 ,0%
10260,OLDWO,4,19-07-2015,16-08-2015,29-07-2015,1,55.09,10,62,29,3, $39.4 ,15, $591.0 , $590.8 ,25%
10277,MORGK,2,09-08-2015,06-09-2015,13-08-2015,3,125.77,4,62,29,3, $39.4 ,12, $472.8 , $472.8 ,0%
10260,OLDWO,4,19-07-2015,16-08-2015,29-07-2015,1,55.09,10,70,7,1, $12.0 ,21, $252.0 , $251.8 ,25%
10265,BLONP,2,25-07-2015,22-08-2015,12-08-2015,1,55.28,18,70,7,1, $12.0 ,20, $240.0 , $240.0 ,0%
10267,FRANK,4,29-07-2015,26-08-2015,06-08-2015,1,208.58,8,40,19,8, $14.7 ,50, $735.0 , $735.0 ,0%
10273,QUICK,3,05-08-2015,02-09-2015,12-08-2015,3,76.07,7,40,19,8, $14.7 ,60, $882.0 , $881.9 ,5%
10262,RATTC,8,22-07-2015,19-08-2015,25-07-2015,3,48.29,3,56,26,5, $30.4 ,2, $60.8 , $60.8 ,0%
10270,WARTH,1,01-08-2015,29-08-2015,02-08-2015,1,136.54,1,43,20,1, $36.8 ,25, $920.0 , $920.0 ,0%
10267,FRANK,4,29-07-2015,26-08-2015,06-08-2015,1,208.58,8,76,23,1, $14.4 ,15, $216.0 , $215.8 ,15%
10273,QUICK,3,05-08-2015,02-09-2015,12-08-2015,3,76.07,7,76,23,1, $14.4 ,33, $475.2 , $475.1 ,5%
10274,VINET,6,06-08-2015,03-09-2015,16-08-2015,1,6.01,10,71,15,4, $17.2 ,20, $344.0 , $344.0 ,0%
10278,BERGS,8,12-08-2015,09-09-2015,16-08-2015,2,92.69,4,44,20,2, $15.5 ,16, $248.0 , $248.0 ,0%
10278,BERGS,8,12-08-2015,09-09-2015,16-08-2015,2,92.69,4,59,28,4, $44.0 ,15, $660.0 , $660.0 ,0%
10278,BERGS,8,12-08-2015,09-09-2015,16-08-2015,2,92.69,4,63,7,2, $35.1 ,8, $280.8 , $280.8 ,0%
10278,BERGS,8,12-08-2015,09-09-2015,16-08-2015,2,92.69,4,73,17,8, $12.0 ,25, $300.0 , $300.0 ,0%
10279,LEHMS,8,13-08-2015,10-09-2015,16-08-2015,2,25.83,3,17,7,6, $31.2 ,15, $468.0 , $467.8 ,25%
10280,BERGS,2,14-08-2015,11-09-2015,12-09-2015,1,8.98,29,24,10,1, $3.6 ,12, $43.2 , $43.2 ,0%
10280,BERGS,2,14-08-2015,11-09-2015,12-09-2015,1,8.98,29,55,25,6, $19.2 ,20, $384.0 , $384.0 ,0%
10280,BERGS,2,14-08-2015,11-09-2015,12-09-2015,1,8.98,29,75,12,1, $6.2 ,30, $186.0 , $186.0 ,0%
10281,ROMEY,4,14-08-2015,28-08-2015,21-08-2015,1,2.94,7,19,8,3, $7.3 ,1, $7.3 , $7.3 ,0%
10281,ROMEY,4,14-08-2015,28-08-2015,21-08-2015,1,2.94,7,24,10,1, $3.6 ,6, $21.6 , $21.6 ,0%
10281,ROMEY,4,14-08-2015,28-08-2015,21-08-2015,1,2.94,7,35,16,1, $14.4 ,4, $57.6 , $57.6 ,0%
10282,ROMEY,4,15-08-2015,12-09-2015,21-08-2015,1,12.69,6,30,13,8, $20.7 ,6, $124.2 , $124.2 ,0%
10282,ROMEY,4,15-08-2015,12-09-2015,21-08-2015,1,12.69,6,57,26,5, $15.6 ,2, $31.2 , $31.2 ,0%
10283,LILAS,3,16-08-2015,13-09-2015,23-08-2015,3,84.81,7,15,6,2, $12.4 ,20, $248.0 , $248.0 ,0%
10283,LILAS,3,16-08-2015,13-09-2015,23-08-2015,3,84.81,7,19,8,3, $7.3 ,18, $131.4 , $131.4 ,0%
10283,LILAS,3,16-08-2015,13-09-2015,23-08-2015,3,84.81,7,60,28,4, $27.2 ,35, $952.0 , $952.0 ,0%
10283,LILAS,3,16-08-2015,13-09-2015,23-08-2015,3,84.81,7,72,14,4, $27.8 ,3, $83.4 , $83.4 ,0%
10284,LEHMS,4,19-08-2015,16-09-2015,27-08-2015,1,76.56,8,27,11,3, $35.1 ,15, $526.5 , $526.3 ,25%
10284,LEHMS,4,19-08-2015,16-09-2015,27-08-2015,1,76.56,8,44,20,2, $15.5 ,21, $325.5 , $325.5 ,0%
10284,LEHMS,4,19-08-2015,16-09-2015,27-08-2015,1,76.56,8,60,28,4, $27.2 ,20, $544.0 , $543.8 ,25%
10284,LEHMS,4,19-08-2015,16-09-2015,27-08-2015,1,76.56,8,67,16,1, $11.2 ,5, $56.0 , $55.8 ,25%
10285,QUICK,1,20-08-2015,17-09-2015,26-08-2015,2,76.83,6,1,1,1, $14.4 ,45, $648.0 , $647.8 ,20%
10285,QUICK,1,20-08-2015,17-09-2015,26-08-2015,2,76.83,6,40,19,8, $14.7 ,40, $588.0 , $587.8 ,20%
10285,QUICK,1,20-08-2015,17-09-2015,26-08-2015,2,76.83,6,53,24,6, $26.2 ,36, $943.2 , $943.0 ,20%
10286,QUICK,8,21-08-2015,18-09-2015,30-08-2015,3,229.24,9,35,16,1, $14.4 ,100," $1,440.0 "," $1,440.0 ",0%
10286,QUICK,8,21-08-2015,18-09-2015,30-08-2015,3,229.24,9,62,29,3, $39.4 ,40," $1,576.0 "," $1,576.0 ",0%
10287,RICAR,8,22-08-2015,19-09-2015,28-08-2015,3,12.76,6,16,7,3, $13.9 ,40, $556.0 , $555.8 ,15%
10287,RICAR,8,22-08-2015,19-09-2015,28-08-2015,3,12.76,6,34,16,1, $11.2 ,20, $224.0 , $224.0 ,0%
10287,RICAR,8,22-08-2015,19-09-2015,28-08-2015,3,12.76,6,46,21,8, $9.6 ,15, $144.0 , $143.8 ,15%
10288,REGGC,4,23-08-2015,20-09-2015,03-09-2015,1,7.45,11,54,25,6, $5.9 ,10, $59.0 , $58.9 ,10%
10288,REGGC,4,23-08-2015,20-09-2015,03-09-2015,1,7.45,11,68,8,3, $10.0 ,3, $30.0 , $29.9 ,10%
10289,BSBEV,7,26-08-2015,23-09-2015,28-08-2015,3,22.77,2,3,1,2, $8.0 ,30, $240.0 , $240.0 ,0%
10289,BSBEV,7,26-08-2015,23-09-2015,28-08-2015,3,22.77,2,64,12,5, $26.6 ,9, $239.4 , $239.4 ,0%
10290,COMMI,8,27-08-2015,24-09-2015,03-09-2015,1,79.7,7,5,2,2, $17.0 ,20, $340.0 , $340.0 ,0%
10290,COMMI,8,27-08-2015,24-09-2015,03-09-2015,1,79.7,7,29,12,6, $99.0 ,15," $1,485.0 "," $1,485.0 ",0%
10290,COMMI,8,27-08-2015,24-09-2015,03-09-2015,1,79.7,7,49,23,3, $16.0 ,15, $240.0 , $240.0 ,0%
10290,COMMI,8,27-08-2015,24-09-2015,03-09-2015,1,79.7,7,77,12,2, $10.4 ,10, $104.0 , $104.0 ,0%
10291,QUEDE,6,27-08-2015,24-09-2015,04-09-2015,2,6.4,8,13,6,8, $4.8 ,20, $96.0 , $95.9 ,10%
10291,QUEDE,6,27-08-2015,24-09-2015,04-09-2015,2,6.4,8,44,20,2, $15.5 ,24, $372.0 , $371.9 ,10%
10291,QUEDE,6,27-08-2015,24-09-2015,04-09-2015,2,6.4,8,51,24,7, $42.4 ,2, $84.8 , $84.7 ,10%
10292,TRADH,1,28-08-2015,25-09-2015,02-09-2015,2,1.35,5,20,8,3, $64.8 ,20," $1,296.0 "," $1,296.0 ",0%
10293,TORTU,1,29-08-2015,26-09-2015,11-09-2015,3,21.18,13,18,7,8, $50.0 ,12, $600.0 , $600.0 ,0%
10293,TORTU,1,29-08-2015,26-09-2015,11-09-2015,3,21.18,13,24,10,1, $3.6 ,10, $36.0 , $36.0 ,0%
10293,TORTU,1,29-08-2015,26-09-2015,11-09-2015,3,21.18,13,63,7,2, $35.1 ,5, $175.5 , $175.5 ,0%
10293,TORTU,1,29-08-2015,26-09-2015,11-09-2015,3,21.18,13,75,12,1, $6.2 ,6, $37.2 , $37.2 ,0%
10294,RATTC,4,30-08-2015,27-09-2015,05-09-2015,2,147.26,6,1,1,1, $14.4 ,18, $259.2 , $259.2 ,0%
10294,RATTC,4,30-08-2015,27-09-2015,05-09-2015,2,147.26,6,17,7,6, $31.2 ,15, $468.0 , $468.0 ,0%
10294,RATTC,4,30-08-2015,27-09-2015,05-09-2015,2,147.26,6,43,20,1, $36.8 ,15, $552.0 , $552.0 ,0%
10294,RATTC,4,30-08-2015,27-09-2015,05-09-2015,2,147.26,6,60,28,4, $27.2 ,21, $571.2 , $571.2 ,0%
10294,RATTC,4,30-08-2015,27-09-2015,05-09-2015,2,147.26,6,75,12,1, $6.2 ,6, $37.2 , $37.2 ,0%
10295,VINET,2,02-09-2015,30-09-2015,10-09-2015,2,1.15,8,56,26,5, $30.4 ,4, $121.6 , $121.6 ,0%
10296,LILAS,6,03-09-2015,01-10-2015,11-09-2015,1,0.12,8,11,5,4, $16.8 ,12, $201.6 , $201.6 ,0%
10296,LILAS,6,03-09-2015,01-10-2015,11-09-2015,1,0.12,8,16,7,3, $13.9 ,30, $417.0 , $417.0 ,0%
10296,LILAS,6,03-09-2015,01-10-2015,11-09-2015,1,0.12,8,69,15,4, $28.8 ,15, $432.0 , $432.0 ,0%
10297,BLONP,5,04-09-2015,16-10-2015,10-09-2015,2,5.74,6,39,18,1, $14.4 ,60, $864.0 , $864.0 ,0%
10297,BLONP,5,04-09-2015,16-10-2015,10-09-2015,2,5.74,6,72,14,4, $27.8 ,20, $556.0 , $556.0 ,0%
10298,HUNGO,6,05-09-2015,03-10-2015,11-09-2015,2,168.22,6,2,1,1, $15.2 ,40, $608.0 , $608.0 ,0%
10298,HUNGO,6,05-09-2015,03-10-2015,11-09-2015,2,168.22,6,36,17,8, $15.2 ,40, $608.0 , $607.8 ,25%
10298,HUNGO,6,05-09-2015,03-10-2015,11-09-2015,2,168.22,6,59,28,4, $44.0 ,30," $1,320.0 "," $1,319.8 ",25%
10298,HUNGO,6,05-09-2015,03-10-2015,11-09-2015,2,168.22,6,62,29,3, $39.4 ,15, $591.0 , $591.0 ,0%
10299,RICAR,4,06-09-2015,04-10-2015,13-09-2015,2,29.76,7,19,8,3, $7.3 ,15, $109.5 , $109.5 ,0%
10299,RICAR,4,06-09-2015,04-10-2015,13-09-2015,2,29.76,7,70,7,1, $12.0 ,20, $240.0 , $240.0 ,0%
10300,MAGAA,2,09-09-2015,07-10-2015,18-09-2015,2,17.68,9,66,2,2, $13.6 ,30, $408.0 , $408.0 ,0%
10300,MAGAA,2,09-09-2015,07-10-2015,18-09-2015,2,17.68,9,68,8,3, $10.0 ,20, $200.0 , $200.0 ,0%
10301,WANDK,8,09-09-2015,07-10-2015,17-09-2015,2,45.08,8,40,19,8, $14.7 ,10, $147.0 , $147.0 ,0%
10301,WANDK,8,09-09-2015,07-10-2015,17-09-2015,2,45.08,8,56,26,5, $30.4 ,20, $608.0 , $608.0 ,0%
10302,SUPRD,4,10-09-2015,08-10-2015,09-10-2015,2,6.27,29,17,7,6, $31.2 ,40," $1,248.0 "," $1,248.0 ",0%
10302,SUPRD,4,10-09-2015,08-10-2015,09-10-2015,2,6.27,29,28,12,7, $36.4 ,28," $1,019.2 "," $1,019.2 ",0%
10302,SUPRD,4,10-09-2015,08-10-2015,09-10-2015,2,6.27,29,43,20,1, $36.8 ,12, $441.6 , $441.6 ,0%
10303,GODOS,7,11-09-2015,09-10-2015,18-09-2015,2,107.83,7,40,19,8, $14.7 ,40, $588.0 , $587.9 ,10%
10303,GODOS,7,11-09-2015,09-10-2015,18-09-2015,2,107.83,7,65,2,2, $16.8 ,30, $504.0 , $503.9 ,10%
10303,GODOS,7,11-09-2015,09-10-2015,18-09-2015,2,107.83,7,68,8,3, $10.0 ,15, $150.0 , $149.9 ,10%
10304,TORTU,1,12-09-2015,10-10-2015,17-09-2015,2,63.79,5,49,23,3, $16.0 ,30, $480.0 , $480.0 ,0%
10304,TORTU,1,12-09-2015,10-10-2015,17-09-2015,2,63.79,5,59,28,4, $44.0 ,10, $440.0 , $440.0 ,0%
10304,TORTU,1,12-09-2015,10-10-2015,17-09-2015,2,63.79,5,71,15,4, $17.2 ,2, $34.4 , $34.4 ,0%
10305,OLDWO,8,13-09-2015,11-10-2015,09-10-2015,3,257.62,26,18,7,8, $50.0 ,25," $1,250.0 "," $1,249.9 ",10%
10305,OLDWO,8,13-09-2015,11-10-2015,09-10-2015,3,257.62,26,29,12,6, $99.0 ,25," $2,475.0 "," $2,474.9 ",10%
10305,OLDWO,8,13-09-2015,11-10-2015,09-10-2015,3,257.62,26,39,18,1, $14.4 ,30, $432.0 , $431.9 ,10%
10306,ROMEY,1,16-09-2015,14-10-2015,23-09-2015,3,7.56,7,30,13,8, $20.7 ,10, $207.0 , $207.0 ,0%
10306,ROMEY,1,16-09-2015,14-10-2015,23-09-2015,3,7.56,7,53,24,6, $26.2 ,10, $262.0 , $262.0 ,0%
10306,ROMEY,1,16-09-2015,14-10-2015,23-09-2015,3,7.56,7,54,25,6, $5.9 ,5, $29.5 , $29.5 ,0%
10307,LONEP,2,17-09-2015,15-10-2015,25-09-2015,2,0.56,8,62,29,3, $39.4 ,10, $394.0 , $394.0 ,0%
10307,LONEP,2,17-09-2015,15-10-2015,25-09-2015,2,0.56,8,68,8,3, $10.0 ,3, $30.0 , $30.0 ,0%
10308,ANATR,7,18-09-2015,16-10-2015,24-09-2015,3,1.61,6,69,15,4, $28.8 ,1, $28.8 , $28.8 ,0%
10308,ANATR,7,18-09-2015,16-10-2015,24-09-2015,3,1.61,6,70,7,1, $12.0 ,5, $60.0 , $60.0 ,0%
10309,HUNGO,3,19-09-2015,17-10-2015,23-10-2015,1,47.3,34,4,2,2, $17.6 ,20, $352.0 , $352.0 ,0%
10309,HUNGO,3,19-09-2015,17-10-2015,23-10-2015,1,47.3,34,6,3,2, $20.0 ,30, $600.0 , $600.0 ,0%
10309,HUNGO,3,19-09-2015,17-10-2015,23-10-2015,1,47.3,34,42,20,5, $11.2 ,2, $22.4 , $22.4 ,0%
10309,HUNGO,3,19-09-2015,17-10-2015,23-10-2015,1,47.3,34,43,20,1, $36.8 ,20, $736.0 , $736.0 ,0%
10309,HUNGO,3,19-09-2015,17-10-2015,23-10-2015,1,47.3,34,71,15,4, $17.2 ,3, $51.6 , $51.6 ,0%
10310,THEBI,8,20-09-2015,18-10-2015,27-09-2015,2,17.52,7,16,7,3, $13.9 ,10, $139.0 , $139.0 ,0%
10310,THEBI,8,20-09-2015,18-10-2015,27-09-2015,2,17.52,7,62,29,3, $39.4 ,5, $197.0 , $197.0 ,0%
10311,DUMON,1,20-09-2015,04-10-2015,26-09-2015,3,24.69,6,42,20,5, $11.2 ,6, $67.2 , $67.2 ,0%
10311,DUMON,1,20-09-2015,04-10-2015,26-09-2015,3,24.69,6,69,15,4, $28.8 ,7, $201.6 , $201.6 ,0%
10312,WANDK,2,23-09-2015,21-10-2015,03-10-2015,2,40.26,10,28,12,7, $36.4 ,4, $145.6 , $145.6 ,0%
10312,WANDK,2,23-09-2015,21-10-2015,03-10-2015,2,40.26,10,43,20,1, $36.8 ,24, $883.2 , $883.2 ,0%
10312,WANDK,2,23-09-2015,21-10-2015,03-10-2015,2,40.26,10,53,24,6, $26.2 ,20, $524.0 , $524.0 ,0%
10312,WANDK,2,23-09-2015,21-10-2015,03-10-2015,2,40.26,10,75,12,1, $6.2 ,10, $62.0 , $62.0 ,0%
10313,QUICK,2,24-09-2015,22-10-2015,04-10-2015,2,1.96,10,36,17,8, $15.2 ,12, $182.4 , $182.4 ,0%
10314,RATTC,1,25-09-2015,23-10-2015,04-10-2015,2,74.16,9,32,14,4, $25.6 ,40," $1,024.0 "," $1,023.9 ",10%
10314,RATTC,1,25-09-2015,23-10-2015,04-10-2015,2,74.16,9,58,27,8, $10.6 ,30, $318.0 , $317.9 ,10%
10314,RATTC,1,25-09-2015,23-10-2015,04-10-2015,2,74.16,9,62,29,3, $39.4 ,25, $985.0 , $984.9 ,10%
10315,ISLAT,4,26-09-2015,24-10-2015,03-10-2015,2,41.76,7,34,16,1, $11.2 ,14, $156.8 , $156.8 ,0%
10315,ISLAT,4,26-09-2015,24-10-2015,03-10-2015,2,41.76,7,70,7,1, $12.0 ,30, $360.0 , $360.0 ,0%
10316,RATTC,1,27-09-2015,25-10-2015,08-10-2015,3,150.15,11,41,19,8, $7.7 ,10, $77.0 , $77.0 ,0%
10316,RATTC,1,27-09-2015,25-10-2015,08-10-2015,3,150.15,11,62,29,3, $39.4 ,70," $2,758.0 "," $2,758.0 ",0%
10317,LONEP,6,30-09-2015,28-10-2015,10-10-2015,1,12.69,10,1,1,1, $14.4 ,20, $288.0 , $288.0 ,0%
10318,ISLAT,8,01-10-2015,29-10-2015,04-10-2015,2,4.73,3,41,19,8, $7.7 ,20, $154.0 , $154.0 ,0%
10318,ISLAT,8,01-10-2015,29-10-2015,04-10-2015,2,4.73,3,76,23,1, $14.4 ,6, $86.4 , $86.4 ,0%
10319,TORTU,7,02-10-2015,30-10-2015,11-10-2015,3,64.5,9,17,7,6, $31.2 ,8, $249.6 , $249.6 ,0%
10319,TORTU,7,02-10-2015,30-10-2015,11-10-2015,3,64.5,9,28,12,7, $36.4 ,14, $509.6 , $509.6 ,0%
10319,TORTU,7,02-10-2015,30-10-2015,11-10-2015,3,64.5,9,76,23,1, $14.4 ,30, $432.0 , $432.0 ,0%
10320,WARTH,5,03-10-2015,17-10-2015,18-10-2015,3,34.57,15,71,15,4, $17.2 ,30, $516.0 , $516.0 ,0%
10321,ISLAT,3,03-10-2015,31-10-2015,11-10-2015,2,3.43,8,35,16,1, $14.4 ,10, $144.0 , $144.0 ,0%
10322,PERIC,7,04-10-2015,01-11-2015,23-10-2015,3,0.4,19,52,24,5, $5.6 ,20, $112.0 , $112.0 ,0%
10323,KOENE,4,07-10-2015,04-11-2015,14-10-2015,1,4.88,7,15,6,2, $12.4 ,5, $62.0 , $62.0 ,0%
10323,KOENE,4,07-10-2015,04-11-2015,14-10-2015,1,4.88,7,25,11,3, $11.2 ,4, $44.8 , $44.8 ,0%
10323,KOENE,4,07-10-2015,04-11-2015,14-10-2015,1,4.88,7,39,18,1, $14.4 ,4, $57.6 , $57.6 ,0%
10324,SAVEA,9,08-10-2015,05-11-2015,10-10-2015,1,214.27,2,16,7,3, $13.9 ,21, $291.9 , $291.7 ,15%
10324,SAVEA,9,08-10-2015,05-11-2015,10-10-2015,1,214.27,2,35,16,1, $14.4 ,70," $1,008.0 "," $1,007.8 ",15%
10324,SAVEA,9,08-10-2015,05-11-2015,10-10-2015,1,214.27,2,46,21,8, $9.6 ,30, $288.0 , $288.0 ,0%
10324,SAVEA,9,08-10-2015,05-11-2015,10-10-2015,1,214.27,2,59,28,4, $44.0 ,40," $1,760.0 "," $1,759.8 ",15%
10324,SAVEA,9,08-10-2015,05-11-2015,10-10-2015,1,214.27,2,63,7,2, $35.1 ,80," $2,808.0 "," $2,807.8 ",15%
10325,KOENE,1,09-10-2015,23-10-2015,14-10-2015,3,64.86,5,6,3,2, $20.0 ,6, $120.0 , $120.0 ,0%
10325,KOENE,1,09-10-2015,23-10-2015,14-10-2015,3,64.86,5,13,6,8, $4.8 ,12, $57.6 , $57.6 ,0%
10325,KOENE,1,09-10-2015,23-10-2015,14-10-2015,3,64.86,5,14,6,7, $18.6 ,9, $167.4 , $167.4 ,0%
10325,KOENE,1,09-10-2015,23-10-2015,14-10-2015,3,64.86,5,31,14,4, $10.0 ,4, $40.0 , $40.0 ,0%
10325,KOENE,1,09-10-2015,23-10-2015,14-10-2015,3,64.86,5,72,14,4, $27.8 ,40," $1,112.0 "," $1,112.0 ",0%
10326,BOLID,4,10-10-2015,07-11-2015,14-10-2015,2,77.92,4,4,2,2, $17.6 ,24, $422.4 , $422.4 ,0%
10326,BOLID,4,10-10-2015,07-11-2015,14-10-2015,2,77.92,4,57,26,5, $15.6 ,16, $249.6 , $249.6 ,0%
10326,BOLID,4,10-10-2015,07-11-2015,14-10-2015,2,77.92,4,75,12,1, $6.2 ,50, $310.0 , $310.0 ,0%
10327,FOLKO,2,11-10-2015,08-11-2015,14-10-2015,1,63.36,3,2,1,1, $15.2 ,25, $380.0 , $379.8 ,20%
10327,FOLKO,2,11-10-2015,08-11-2015,14-10-2015,1,63.36,3,11,5,4, $16.8 ,50, $840.0 , $839.8 ,20%
10327,FOLKO,2,11-10-2015,08-11-2015,14-10-2015,1,63.36,3,30,13,8, $20.7 ,35, $724.5 , $724.3 ,20%
10327,FOLKO,2,11-10-2015,08-11-2015,14-10-2015,1,63.36,3,58,27,8, $10.6 ,30, $318.0 , $317.8 ,20%
10328,FURIB,4,14-10-2015,11-11-2015,17-10-2015,3,87.03,3,59,28,4, $44.0 ,9, $396.0 , $396.0 ,0%
10328,FURIB,4,14-10-2015,11-11-2015,17-10-2015,3,87.03,3,65,2,2, $16.8 ,40, $672.0 , $672.0 ,0%
10328,FURIB,4,14-10-2015,11-11-2015,17-10-2015,3,87.03,3,68,8,3, $10.0 ,10, $100.0 , $100.0 ,0%
10329,SPLIR,4,15-10-2015,26-11-2015,23-10-2015,2,191.67,8,19,8,3, $7.3 ,10, $73.0 , $72.9 ,5%
10329,SPLIR,4,15-10-2015,26-11-2015,23-10-2015,2,191.67,8,30,13,8, $20.7 ,8, $165.6 , $165.5 ,5%
10329,SPLIR,4,15-10-2015,26-11-2015,23-10-2015,2,191.67,8,38,18,1, $210.8 ,20," $4,216.0 "," $4,215.9 ",5%
10329,SPLIR,4,15-10-2015,26-11-2015,23-10-2015,2,191.67,8,56,26,5, $30.4 ,12, $364.8 , $364.7 ,5%
10330,LILAS,3,16-10-2015,13-11-2015,28-10-2015,1,12.75,12,26,11,3, $24.9 ,50," $1,245.0 "," $1,244.8 ",15%
10330,LILAS,3,16-10-2015,13-11-2015,28-10-2015,1,12.75,12,72,14,4, $27.8 ,25, $695.0 , $694.8 ,15%
10331,BONAP,9,16-10-2015,27-11-2015,21-10-2015,1,10.19,5,54,25,6, $5.9 ,15, $88.5 , $88.5 ,0%
10332,MEREP,3,17-10-2015,28-11-2015,21-10-2015,2,52.84,4,18,7,8, $50.0 ,40," $2,000.0 "," $1,999.8 ",20%
10332,MEREP,3,17-10-2015,28-11-2015,21-10-2015,2,52.84,4,42,20,5, $11.2 ,10, $112.0 , $111.8 ,20%
10332,MEREP,3,17-10-2015,28-11-2015,21-10-2015,2,52.84,4,47,22,3, $7.6 ,16, $121.6 , $121.4 ,20%
10333,WARTH,5,18-10-2015,15-11-2015,25-10-2015,3,0.59,7,14,6,7, $18.6 ,10, $186.0 , $186.0 ,0%
10333,WARTH,5,18-10-2015,15-11-2015,25-10-2015,3,0.59,7,21,8,3, $8.0 ,10, $80.0 , $79.9 ,10%
10333,WARTH,5,18-10-2015,15-11-2015,25-10-2015,3,0.59,7,71,15,4, $17.2 ,40, $688.0 , $687.9 ,10%
10334,VICTE,8,21-10-2015,18-11-2015,28-10-2015,2,8.56,7,52,24,5, $5.6 ,8, $44.8 , $44.8 ,0%
10334,VICTE,8,21-10-2015,18-11-2015,28-10-2015,2,8.56,7,68,8,3, $10.0 ,10, $100.0 , $100.0 ,0%
10335,HUNGO,7,22-10-2015,19-11-2015,24-10-2015,2,42.11,2,2,1,1, $15.2 ,7, $106.4 , $106.2 ,20%
10335,HUNGO,7,22-10-2015,19-11-2015,24-10-2015,2,42.11,2,31,14,4, $10.0 ,25, $250.0 , $249.8 ,20%
10335,HUNGO,7,22-10-2015,19-11-2015,24-10-2015,2,42.11,2,32,14,4, $25.6 ,6, $153.6 , $153.4 ,20%
10335,HUNGO,7,22-10-2015,19-11-2015,24-10-2015,2,42.11,2,51,24,7, $42.4 ,48," $2,035.2 "," $2,035.0 ",20%
10336,PRINI,7,23-10-2015,20-11-2015,25-10-2015,2,15.51,2,4,2,2, $17.6 ,18, $316.8 , $316.7 ,10%
10337,FRANK,4,24-10-2015,21-11-2015,29-10-2015,3,108.26,5,23,9,5, $7.2 ,40, $288.0 , $288.0 ,0%
10337,FRANK,4,24-10-2015,21-11-2015,29-10-2015,3,108.26,5,26,11,3, $24.9 ,24, $597.6 , $597.6 ,0%
10337,FRANK,4,24-10-2015,21-11-2015,29-10-2015,3,108.26,5,36,17,8, $15.2 ,20, $304.0 , $304.0 ,0%
10337,FRANK,4,24-10-2015,21-11-2015,29-10-2015,3,108.26,5,37,17,8, $20.8 ,28, $582.4 , $582.4 ,0%
10337,FRANK,4,24-10-2015,21-11-2015,29-10-2015,3,108.26,5,72,14,4, $27.8 ,25, $695.0 , $695.0 ,0%
10338,OLDWO,4,25-10-2015,22-11-2015,29-10-2015,3,84.21,4,17,7,6, $31.2 ,20, $624.0 , $624.0 ,0%
10338,OLDWO,4,25-10-2015,22-11-2015,29-10-2015,3,84.21,4,30,13,8, $20.7 ,15, $310.5 , $310.5 ,0%
10339,MEREP,2,28-10-2015,25-11-2015,04-11-2015,2,15.66,7,4,2,2, $17.6 ,10, $176.0 , $176.0 ,0%
10339,MEREP,2,28-10-2015,25-11-2015,04-11-2015,2,15.66,7,17,7,6, $31.2 ,70," $2,184.0 "," $2,183.9 ",5%
10339,MEREP,2,28-10-2015,25-11-2015,04-11-2015,2,15.66,7,62,29,3, $39.4 ,28," $1,103.2 "," $1,103.2 ",0%
10340,BONAP,1,29-10-2015,26-11-2015,08-11-2015,3,166.31,10,18,7,8, $50.0 ,20," $1,000.0 ", $999.9 ,5%
10340,BONAP,1,29-10-2015,26-11-2015,08-11-2015,3,166.31,10,41,19,8, $7.7 ,12, $92.4 , $92.3 ,5%
10340,BONAP,1,29-10-2015,26-11-2015,08-11-2015,3,166.31,10,43,20,1, $36.8 ,40," $1,472.0 "," $1,471.9 ",5%
10341,SIMOB,7,29-10-2015,26-11-2015,05-11-2015,3,26.78,7,33,15,4, $2.0 ,8, $16.0 , $16.0 ,0%
10341,SIMOB,7,29-10-2015,26-11-2015,05-11-2015,3,26.78,7,59,28,4, $44.0 ,9, $396.0 , $395.8 ,15%
10342,FRANK,4,30-10-2015,13-11-2015,04-11-2015,2,54.83,5,2,1,1, $15.2 ,24, $364.8 , $364.6 ,20%
10342,FRANK,4,30-10-2015,13-11-2015,04-11-2015,2,54.83,5,31,14,4, $10.0 ,56, $560.0 , $559.8 ,20%
10342,FRANK,4,30-10-2015,13-11-2015,04-11-2015,2,54.83,5,36,17,8, $15.2 ,40, $608.0 , $607.8 ,20%
10342,FRANK,4,30-10-2015,13-11-2015,04-11-2015,2,54.83,5,55,25,6, $19.2 ,40, $768.0 , $767.8 ,20%
10343,LEHMS,4,31-10-2015,28-11-2015,06-11-2015,1,110.37,6,64,12,5, $26.6 ,50," $1,330.0 "," $1,330.0 ",0%
10343,LEHMS,4,31-10-2015,28-11-2015,06-11-2015,1,110.37,6,68,8,3, $10.0 ,4, $40.0 , $39.9 ,5%
10343,LEHMS,4,31-10-2015,28-11-2015,06-11-2015,1,110.37,6,76,23,1, $14.4 ,15, $216.0 , $216.0 ,0%
10344,WHITC,4,01-11-2015,29-11-2015,05-11-2015,2,23.29,4,4,2,2, $17.6 ,35, $616.0 , $616.0 ,0%
10344,WHITC,4,01-11-2015,29-11-2015,05-11-2015,2,23.29,4,8,3,2, $32.0 ,70," $2,240.0 "," $2,239.8 ",25%
10345,QUICK,2,04-11-2015,02-12-2015,11-11-2015,2,249.06,7,8,3,2, $32.0 ,70," $2,240.0 "," $2,240.0 ",0%
10345,QUICK,2,04-11-2015,02-12-2015,11-11-2015,2,249.06,7,19,8,3, $7.3 ,80, $584.0 , $584.0 ,0%
10345,QUICK,2,04-11-2015,02-12-2015,11-11-2015,2,249.06,7,42,20,5, $11.2 ,9, $100.8 , $100.8 ,0%
10346,RATTC,3,05-11-2015,17-12-2015,08-11-2015,3,142.08,3,17,7,6, $31.2 ,36," $1,123.2 "," $1,123.1 ",10%
10346,RATTC,3,05-11-2015,17-12-2015,08-11-2015,3,142.08,3,56,26,5, $30.4 ,20, $608.0 , $608.0 ,0%
10347,FAMIA,4,06-11-2015,04-12-2015,08-11-2015,3,3.1,2,25,11,3, $11.2 ,10, $112.0 , $112.0 ,0%
10347,FAMIA,4,06-11-2015,04-12-2015,08-11-2015,3,3.1,2,39,18,1, $14.4 ,50, $720.0 , $719.8 ,15%
10347,FAMIA,4,06-11-2015,04-12-2015,08-11-2015,3,3.1,2,40,19,8, $14.7 ,4, $58.8 , $58.8 ,0%
10347,FAMIA,4,06-11-2015,04-12-2015,08-11-2015,3,3.1,2,75,12,1, $6.2 ,6, $37.2 , $37.0 ,15%
10348,WANDK,4,07-11-2015,05-12-2015,15-11-2015,2,0.78,8,1,1,1, $14.4 ,15, $216.0 , $215.8 ,15%
10348,WANDK,4,07-11-2015,05-12-2015,15-11-2015,2,0.78,8,23,9,5, $7.2 ,25, $180.0 , $180.0 ,0%
10349,SPLIR,7,08-11-2015,06-12-2015,15-11-2015,1,8.63,7,54,25,6, $5.9 ,24, $141.6 , $141.6 ,0%
10350,LAMAI,6,11-11-2015,09-12-2015,03-12-2015,2,64.19,22,50,23,3, $13.0 ,15, $195.0 , $194.9 ,10%
10350,LAMAI,6,11-11-2015,09-12-2015,03-12-2015,2,64.19,22,69,15,4, $28.8 ,18, $518.4 , $518.3 ,10%
10351,ERNSH,1,11-11-2015,09-12-2015,20-11-2015,1,162.33,9,38,18,1, $210.8 ,20," $4,216.0 "," $4,215.9 ",5%
10351,ERNSH,1,11-11-2015,09-12-2015,20-11-2015,1,162.33,9,41,19,8, $7.7 ,13, $100.1 , $100.1 ,0%
10351,ERNSH,1,11-11-2015,09-12-2015,20-11-2015,1,162.33,9,44,20,2, $15.5 ,77," $1,193.5 "," $1,193.4 ",5%
10351,ERNSH,1,11-11-2015,09-12-2015,20-11-2015,1,162.33,9,65,2,2, $16.8 ,10, $168.0 , $167.9 ,5%
10352,FURIB,3,12-11-2015,26-11-2015,18-11-2015,3,1.3,6,24,10,1, $3.6 ,10, $36.0 , $36.0 ,0%
10352,FURIB,3,12-11-2015,26-11-2015,18-11-2015,3,1.3,6,54,25,6, $5.9 ,20, $118.0 , $117.8 ,15%
10353,PICCO,7,13-11-2015,11-12-2015,25-11-2015,3,360.63,12,11,5,4, $16.8 ,12, $201.6 , $201.4 ,20%
10353,PICCO,7,13-11-2015,11-12-2015,25-11-2015,3,360.63,12,38,18,1, $210.8 ,50," $10,540.0 "," $10,539.8 ",20%
10354,PERIC,8,14-11-2015,12-12-2015,20-11-2015,3,53.8,6,1,1,1, $14.4 ,12, $172.8 , $172.8 ,0%
10354,PERIC,8,14-11-2015,12-12-2015,20-11-2015,3,53.8,6,29,12,6, $99.0 ,4, $396.0 , $396.0 ,0%
10355,AROUT,6,15-11-2015,13-12-2015,20-11-2015,1,41.95,5,24,10,1, $3.6 ,25, $90.0 , $90.0 ,0%
10355,AROUT,6,15-11-2015,13-12-2015,20-11-2015,1,41.95,5,57,26,5, $15.6 ,25, $390.0 , $390.0 ,0%
10356,WANDK,6,18-11-2015,16-12-2015,27-11-2015,2,36.71,9,31,14,4, $10.0 ,30, $300.0 , $300.0 ,0%
10356,WANDK,6,18-11-2015,16-12-2015,27-11-2015,2,36.71,9,55,25,6, $19.2 ,12, $230.4 , $230.4 ,0%
10356,WANDK,6,18-11-2015,16-12-2015,27-11-2015,2,36.71,9,69,15,4, $28.8 ,20, $576.0 , $576.0 ,0%
10357,LILAS,1,19-11-2015,17-12-2015,02-12-2015,3,34.88,13,10,4,8, $24.8 ,30, $744.0 , $743.8 ,20%
10357,LILAS,1,19-11-2015,17-12-2015,02-12-2015,3,34.88,13,26,11,3, $24.9 ,16, $398.4 , $398.4 ,0%
10357,LILAS,1,19-11-2015,17-12-2015,02-12-2015,3,34.88,13,60,28,4, $27.2 ,8, $217.6 , $217.4 ,20%
10358,LAMAI,5,20-11-2015,18-12-2015,27-11-2015,1,19.64,7,24,10,1, $3.6 ,10, $36.0 , $35.9 ,5%
10358,LAMAI,5,20-11-2015,18-12-2015,27-11-2015,1,19.64,7,34,16,1, $11.2 ,10, $112.0 , $111.9 ,5%
10358,LAMAI,5,20-11-2015,18-12-2015,27-11-2015,1,19.64,7,36,17,8, $15.2 ,20, $304.0 , $303.9 ,5%
10359,SEVES,5,21-11-2015,19-12-2015,26-11-2015,3,288.43,5,16,7,3, $13.9 ,56, $778.4 , $778.3 ,5%
10359,SEVES,5,21-11-2015,19-12-2015,26-11-2015,3,288.43,5,31,14,4, $10.0 ,70, $700.0 , $699.9 ,5%
10359,SEVES,5,21-11-2015,19-12-2015,26-11-2015,3,288.43,5,60,28,4, $27.2 ,80," $2,176.0 "," $2,175.9 ",5%
10360,BLONP,4,22-11-2015,20-12-2015,02-12-2015,3,131.7,10,28,12,7, $36.4 ,30," $1,092.0 "," $1,092.0 ",0%
10360,BLONP,4,22-11-2015,20-12-2015,02-12-2015,3,131.7,10,29,12,6, $99.0 ,35," $3,465.0 "," $3,465.0 ",0%
10360,BLONP,4,22-11-2015,20-12-2015,02-12-2015,3,131.7,10,38,18,1, $210.8 ,10," $2,108.0 "," $2,108.0 ",0%
10360,BLONP,4,22-11-2015,20-12-2015,02-12-2015,3,131.7,10,49,23,3, $16.0 ,35, $560.0 , $560.0 ,0%
10360,BLONP,4,22-11-2015,20-12-2015,02-12-2015,3,131.7,10,54,25,6, $5.9 ,28, $165.2 , $165.2 ,0%
10361,QUICK,1,22-11-2015,20-12-2015,03-12-2015,2,183.17,11,39,18,1, $14.4 ,54, $777.6 , $777.5 ,10%
10361,QUICK,1,22-11-2015,20-12-2015,03-12-2015,2,183.17,11,60,28,4, $27.2 ,55," $1,496.0 "," $1,495.9 ",10%
10362,BONAP,3,25-11-2015,23-12-2015,28-11-2015,1,96.04,3,25,11,3, $11.2 ,50, $560.0 , $560.0 ,0%
10362,BONAP,3,25-11-2015,23-12-2015,28-11-2015,1,96.04,3,51,24,7, $42.4 ,20, $848.0 , $848.0 ,0%
10362,BONAP,3,25-11-2015,23-12-2015,28-11-2015,1,96.04,3,54,25,6, $5.9 ,24, $141.6 , $141.6 ,0%
10363,DRACD,4,26-11-2015,24-12-2015,04-12-2015,3,30.54,8,31,14,4, $10.0 ,20, $200.0 , $200.0 ,0%
10363,DRACD,4,26-11-2015,24-12-2015,04-12-2015,3,30.54,8,75,12,1, $6.2 ,12, $74.4 , $74.4 ,0%
10363,DRACD,4,26-11-2015,24-12-2015,04-12-2015,3,30.54,8,76,23,1, $14.4 ,12, $172.8 , $172.8 ,0%
10364,EASTC,1,26-11-2015,07-01-2016,04-12-2015,1,71.97,8,69,15,4, $28.8 ,30, $864.0 , $864.0 ,0%
10364,EASTC,1,26-11-2015,07-01-2016,04-12-2015,1,71.97,8,71,15,4, $17.2 ,5, $86.0 , $86.0 ,0%
10365,ANTON,3,27-11-2015,25-12-2015,02-12-2015,2,22,5,11,5,4, $16.8 ,24, $403.2 , $403.2 ,0%
10366,GALED,8,28-11-2015,09-01-2016,30-12-2015,2,10.14,32,65,2,2, $16.8 ,5, $84.0 , $84.0 ,0%
10366,GALED,8,28-11-2015,09-01-2016,30-12-2015,2,10.14,32,77,12,2, $10.4 ,5, $52.0 , $52.0 ,0%
10367,VAFFE,7,28-11-2015,26-12-2015,02-12-2015,3,13.55,4,34,16,1, $11.2 ,36, $403.2 , $403.2 ,0%
10367,VAFFE,7,28-11-2015,26-12-2015,02-12-2015,3,13.55,4,54,25,6, $5.9 ,18, $106.2 , $106.2 ,0%
10367,VAFFE,7,28-11-2015,26-12-2015,02-12-2015,3,13.55,4,65,2,2, $16.8 ,15, $252.0 , $252.0 ,0%
10367,VAFFE,7,28-11-2015,26-12-2015,02-12-2015,3,13.55,4,77,12,2, $10.4 ,7, $72.8 , $72.8 ,0%
10368,ERNSH,2,29-11-2015,27-12-2015,02-12-2015,2,101.95,3,21,8,3, $8.0 ,5, $40.0 , $39.9 ,10%
10368,ERNSH,2,29-11-2015,27-12-2015,02-12-2015,2,101.95,3,28,12,7, $36.4 ,13, $473.2 , $473.1 ,10%
10368,ERNSH,2,29-11-2015,27-12-2015,02-12-2015,2,101.95,3,57,26,5, $15.6 ,25, $390.0 , $390.0 ,0%
10368,ERNSH,2,29-11-2015,27-12-2015,02-12-2015,2,101.95,3,64,12,5, $26.6 ,35, $931.0 , $930.9 ,10%
10369,SPLIR,8,02-12-2015,30-12-2015,09-12-2015,2,195.68,7,29,12,6, $99.0 ,20," $1,980.0 "," $1,980.0 ",0%
10369,SPLIR,8,02-12-2015,30-12-2015,09-12-2015,2,195.68,7,56,26,5, $30.4 ,18, $547.2 , $547.0 ,25%
10370,CHOPS,6,03-12-2015,31-12-2015,27-12-2015,2,1.17,24,1,1,1, $14.4 ,15, $216.0 , $215.8 ,15%
10370,CHOPS,6,03-12-2015,31-12-2015,27-12-2015,2,1.17,24,64,12,5, $26.6 ,30, $798.0 , $798.0 ,0%
10370,CHOPS,6,03-12-2015,31-12-2015,27-12-2015,2,1.17,24,74,4,7, $8.0 ,20, $160.0 , $159.8 ,15%
10371,LAMAI,1,03-12-2015,31-12-2015,24-12-2015,1,0.45,21,36,17,8, $15.2 ,6, $91.2 , $91.0 ,20%
10372,QUEEN,5,04-12-2015,01-01-2016,09-12-2015,2,890.78,5,20,8,3, $64.8 ,12, $777.6 , $777.4 ,25%
10372,QUEEN,5,04-12-2015,01-01-2016,09-12-2015,2,890.78,5,38,18,1, $210.8 ,40," $8,432.0 "," $8,431.8 ",25%
10372,QUEEN,5,04-12-2015,01-01-2016,09-12-2015,2,890.78,5,60,28,4, $27.2 ,70," $1,904.0 "," $1,903.8 ",25%
10372,QUEEN,5,04-12-2015,01-01-2016,09-12-2015,2,890.78,5,72,14,4, $27.8 ,42," $1,167.6 "," $1,167.4 ",25%
10373,HUNGO,4,05-12-2015,02-01-2016,11-12-2015,3,124.12,6,58,27,8, $10.6 ,80, $848.0 , $847.8 ,20%
10373,HUNGO,4,05-12-2015,02-01-2016,11-12-2015,3,124.12,6,71,15,4, $17.2 ,50, $860.0 , $859.8 ,20%
10374,WOLZA,1,05-12-2015,02-01-2016,09-12-2015,3,3.94,4,31,14,4, $10.0 ,30, $300.0 , $300.0 ,0%
10374,WOLZA,1,05-12-2015,02-01-2016,09-12-2015,3,3.94,4,58,27,8, $10.6 ,15, $159.0 , $159.0 ,0%
10375,HUNGC,3,06-12-2015,03-01-2016,09-12-2015,2,20.12,3,14,6,7, $18.6 ,15, $279.0 , $279.0 ,0%
10375,HUNGC,3,06-12-2015,03-01-2016,09-12-2015,2,20.12,3,54,25,6, $5.9 ,10, $59.0 , $59.0 ,0%
10376,MEREP,1,09-12-2015,06-01-2016,13-12-2015,2,20.39,4,31,14,4, $10.0 ,42, $420.0 , $419.9 ,5%
10377,SEVES,1,09-12-2015,06-01-2016,13-12-2015,3,22.21,4,28,12,7, $36.4 ,20, $728.0 , $727.8 ,15%
10377,SEVES,1,09-12-2015,06-01-2016,13-12-2015,3,22.21,4,39,18,1, $14.4 ,20, $288.0 , $287.8 ,15%
10378,FOLKO,5,10-12-2015,07-01-2016,19-12-2015,3,5.44,9,71,15,4, $17.2 ,6, $103.2 , $103.2 ,0%
10379,QUEDE,2,11-12-2015,08-01-2016,13-12-2015,1,45.03,2,41,19,8, $7.7 ,8, $61.6 , $61.5 ,10%
10379,QUEDE,2,11-12-2015,08-01-2016,13-12-2015,1,45.03,2,63,7,2, $35.1 ,16, $561.6 , $561.5 ,10%
10379,QUEDE,2,11-12-2015,08-01-2016,13-12-2015,1,45.03,2,65,2,2, $16.8 ,20, $336.0 , $335.9 ,10%
10380,HUNGO,8,12-12-2015,09-01-2016,16-01-2016,3,35.03,35,30,13,8, $20.7 ,18, $372.6 , $372.5 ,10%
10380,HUNGO,8,12-12-2015,09-01-2016,16-01-2016,3,35.03,35,53,24,6, $26.2 ,20, $524.0 , $523.9 ,10%
10380,HUNGO,8,12-12-2015,09-01-2016,16-01-2016,3,35.03,35,60,28,4, $27.2 ,6, $163.2 , $163.1 ,10%
10380,HUNGO,8,12-12-2015,09-01-2016,16-01-2016,3,35.03,35,70,7,1, $12.0 ,30, $360.0 , $360.0 ,0%
10381,LILAS,3,12-12-2015,09-01-2016,13-12-2015,3,7.99,1,74,4,7, $8.0 ,14, $112.0 , $112.0 ,0%
10382,ERNSH,4,13-12-2015,10-01-2016,16-12-2015,1,94.77,3,5,2,2, $17.0 ,32, $544.0 , $544.0 ,0%
10382,ERNSH,4,13-12-2015,10-01-2016,16-12-2015,1,94.77,3,18,7,8, $50.0 ,9, $450.0 , $450.0 ,0%
10382,ERNSH,4,13-12-2015,10-01-2016,16-12-2015,1,94.77,3,29,12,6, $99.0 ,14," $1,386.0 "," $1,386.0 ",0%
10382,ERNSH,4,13-12-2015,10-01-2016,16-12-2015,1,94.77,3,33,15,4, $2.0 ,60, $120.0 , $120.0 ,0%
10382,ERNSH,4,13-12-2015,10-01-2016,16-12-2015,1,94.77,3,74,4,7, $8.0 ,50, $400.0 , $400.0 ,0%
10383,AROUT,8,16-12-2015,13-01-2016,18-12-2015,3,34.24,2,13,6,8, $4.8 ,20, $96.0 , $96.0 ,0%
10383,AROUT,8,16-12-2015,13-01-2016,18-12-2015,3,34.24,2,50,23,3, $13.0 ,15, $195.0 , $195.0 ,0%
10383,AROUT,8,16-12-2015,13-01-2016,18-12-2015,3,34.24,2,56,26,5, $30.4 ,20, $608.0 , $608.0 ,0%
10384,BERGS,3,16-12-2015,13-01-2016,20-12-2015,3,168.64,4,20,8,3, $64.8 ,28," $1,814.4 "," $1,814.4 ",0%
10384,BERGS,3,16-12-2015,13-01-2016,20-12-2015,3,168.64,4,60,28,4, $27.2 ,15, $408.0 , $408.0 ,0%
10385,SPLIR,1,17-12-2015,14-01-2016,23-12-2015,2,30.96,6,7,3,7, $24.0 ,10, $240.0 , $239.8 ,20%
10385,SPLIR,1,17-12-2015,14-01-2016,23-12-2015,2,30.96,6,60,28,4, $27.2 ,20, $544.0 , $543.8 ,20%
10385,SPLIR,1,17-12-2015,14-01-2016,23-12-2015,2,30.96,6,68,8,3, $10.0 ,8, $80.0 , $79.8 ,20%
10386,FAMIA,9,18-12-2015,01-01-2016,25-12-2015,3,13.99,7,24,10,1, $3.6 ,15, $54.0 , $54.0 ,0%
10386,FAMIA,9,18-12-2015,01-01-2016,25-12-2015,3,13.99,7,34,16,1, $11.2 ,10, $112.0 , $112.0 ,0%
10387,SANTG,1,18-12-2015,15-01-2016,20-12-2015,2,93.63,2,24,10,1, $3.6 ,15, $54.0 , $54.0 ,0%
10387,SANTG,1,18-12-2015,15-01-2016,20-12-2015,2,93.63,2,28,12,7, $36.4 ,6, $218.4 , $218.4 ,0%
10387,SANTG,1,18-12-2015,15-01-2016,20-12-2015,2,93.63,2,59,28,4, $44.0 ,12, $528.0 , $528.0 ,0%
10387,SANTG,1,18-12-2015,15-01-2016,20-12-2015,2,93.63,2,71,15,4, $17.2 ,15, $258.0 , $258.0 ,0%
10388,SEVES,2,19-12-2015,16-01-2016,20-12-2015,1,34.86,1,45,21,8, $7.6 ,15, $114.0 , $113.8 ,20%
10388,SEVES,2,19-12-2015,16-01-2016,20-12-2015,1,34.86,1,52,24,5, $5.6 ,20, $112.0 , $111.8 ,20%
10388,SEVES,2,19-12-2015,16-01-2016,20-12-2015,1,34.86,1,53,24,6, $26.2 ,40," $1,048.0 "," $1,048.0 ",0%
10389,BOTTM,4,20-12-2015,17-01-2016,24-12-2015,2,47.42,4,10,4,8, $24.8 ,16, $396.8 , $396.8 ,0%
10389,BOTTM,4,20-12-2015,17-01-2016,24-12-2015,2,47.42,4,55,25,6, $19.2 ,15, $288.0 , $288.0 ,0%
10389,BOTTM,4,20-12-2015,17-01-2016,24-12-2015,2,47.42,4,62,29,3, $39.4 ,20, $788.0 , $788.0 ,0%
10389,BOTTM,4,20-12-2015,17-01-2016,24-12-2015,2,47.42,4,70,7,1, $12.0 ,30, $360.0 , $360.0 ,0%
10390,ERNSH,6,23-12-2015,20-01-2016,26-12-2015,1,126.38,3,31,14,4, $10.0 ,60, $600.0 , $599.9 ,10%
10390,ERNSH,6,23-12-2015,20-01-2016,26-12-2015,1,126.38,3,35,16,1, $14.4 ,40, $576.0 , $575.9 ,10%
10390,ERNSH,6,23-12-2015,20-01-2016,26-12-2015,1,126.38,3,46,21,8, $9.6 ,45, $432.0 , $432.0 ,0%
10390,ERNSH,6,23-12-2015,20-01-2016,26-12-2015,1,126.38,3,72,14,4, $27.8 ,24, $667.2 , $667.1 ,10%
10391,DRACD,3,23-12-2015,20-01-2016,31-12-2015,3,5.45,8,13,6,8, $4.8 ,18, $86.4 , $86.4 ,0%
10392,PICCO,2,24-12-2015,21-01-2016,01-01-2016,3,122.46,8,69,15,4, $28.8 ,50," $1,440.0 "," $1,440.0 ",0%
10393,SAVEA,1,25-12-2015,22-01-2016,03-01-2016,3,126.56,9,2,1,1, $15.2 ,25, $380.0 , $379.8 ,25%
10393,SAVEA,1,25-12-2015,22-01-2016,03-01-2016,3,126.56,9,14,6,7, $18.6 ,42, $781.2 , $781.0 ,25%
10393,SAVEA,1,25-12-2015,22-01-2016,03-01-2016,3,126.56,9,25,11,3, $11.2 ,7, $78.4 , $78.2 ,25%
10393,SAVEA,1,25-12-2015,22-01-2016,03-01-2016,3,126.56,9,26,11,3, $24.9 ,70," $1,743.0 "," $1,742.8 ",25%
10393,SAVEA,1,25-12-2015,22-01-2016,03-01-2016,3,126.56,9,31,14,4, $10.0 ,32, $320.0 , $320.0 ,0%
10394,HUNGC,1,25-12-2015,22-01-2016,03-01-2016,3,30.34,9,13,6,8, $4.8 ,10, $48.0 , $48.0 ,0%
10394,HUNGC,1,25-12-2015,22-01-2016,03-01-2016,3,30.34,9,62,29,3, $39.4 ,10, $394.0 , $394.0 ,0%
10395,HILAA,6,26-12-2015,23-01-2016,03-01-2016,1,184.41,8,46,21,8, $9.6 ,28, $268.8 , $268.7 ,10%
10395,HILAA,6,26-12-2015,23-01-2016,03-01-2016,1,184.41,8,53,24,6, $26.2 ,70," $1,834.0 "," $1,833.9 ",10%
10395,HILAA,6,26-12-2015,23-01-2016,03-01-2016,1,184.41,8,69,15,4, $28.8 ,8, $230.4 , $230.4 ,0%
10396,FRANK,1,27-12-2015,10-01-2016,06-01-2016,3,135.35,10,23,9,5, $7.2 ,40, $288.0 , $288.0 ,0%
10396,FRANK,1,27-12-2015,10-01-2016,06-01-2016,3,135.35,10,71,15,4, $17.2 ,60," $1,032.0 "," $1,032.0 ",0%
10396,FRANK,1,27-12-2015,10-01-2016,06-01-2016,3,135.35,10,72,14,4, $27.8 ,21, $583.8 , $583.8 ,0%
10397,PRINI,5,27-12-2015,24-01-2016,02-01-2016,1,60.26,6,21,8,3, $8.0 ,10, $80.0 , $79.8 ,15%
10397,PRINI,5,27-12-2015,24-01-2016,02-01-2016,1,60.26,6,51,24,7, $42.4 ,18, $763.2 , $763.0 ,15%
10398,SAVEA,2,30-12-2015,27-01-2016,09-01-2016,3,89.16,10,35,16,1, $14.4 ,30, $432.0 , $432.0 ,0%
10398,SAVEA,2,30-12-2015,27-01-2016,09-01-2016,3,89.16,10,55,25,6, $19.2 ,120," $2,304.0 "," $2,303.9 ",10%
10399,VAFFE,8,31-12-2015,14-01-2016,08-01-2016,3,27.36,8,68,8,3, $10.0 ,60, $600.0 , $600.0 ,0%
10399,VAFFE,8,31-12-2015,14-01-2016,08-01-2016,3,27.36,8,71,15,4, $17.2 ,30, $516.0 , $516.0 ,0%
10399,VAFFE,8,31-12-2015,14-01-2016,08-01-2016,3,27.36,8,76,23,1, $14.4 ,35, $504.0 , $504.0 ,0%
10399,VAFFE,8,31-12-2015,14-01-2016,08-01-2016,3,27.36,8,77,12,2, $10.4 ,14, $145.6 , $145.6 ,0%
10400,EASTC,1,01-01-2016,29-01-2016,16-01-2016,3,83.93,15,29,12,6, $99.0 ,21," $2,079.0 "," $2,079.0 ",0%
10400,EASTC,1,01-01-2016,29-01-2016,16-01-2016,3,83.93,15,35,16,1, $14.4 ,35, $504.0 , $504.0 ,0%
10400,EASTC,1,01-01-2016,29-01-2016,16-01-2016,3,83.93,15,49,23,3, $16.0 ,30, $480.0 , $480.0 ,0%
10401,RATTC,1,01-01-2016,29-01-2016,10-01-2016,1,12.51,9,30,13,8, $20.7 ,18, $372.6 , $372.6 ,0%
10401,RATTC,1,01-01-2016,29-01-2016,10-01-2016,1,12.51,9,56,26,5, $30.4 ,70," $2,128.0 "," $2,128.0 ",0%
10401,RATTC,1,01-01-2016,29-01-2016,10-01-2016,1,12.51,9,65,2,2, $16.8 ,20, $336.0 , $336.0 ,0%
10401,RATTC,1,01-01-2016,29-01-2016,10-01-2016,1,12.51,9,71,15,4, $17.2 ,60," $1,032.0 "," $1,032.0 ",0%
10402,ERNSH,8,02-01-2016,13-02-2016,10-01-2016,2,67.88,8,23,9,5, $7.2 ,60, $432.0 , $432.0 ,0%
10402,ERNSH,8,02-01-2016,13-02-2016,10-01-2016,2,67.88,8,63,7,2, $35.1 ,65," $2,281.5 "," $2,281.5 ",0%
10403,ERNSH,4,03-01-2016,31-01-2016,09-01-2016,3,73.79,6,16,7,3, $13.9 ,21, $291.9 , $291.7 ,15%
10403,ERNSH,4,03-01-2016,31-01-2016,09-01-2016,3,73.79,6,48,22,3, $10.2 ,70, $714.0 , $713.8 ,15%
10404,MAGAA,2,03-01-2016,31-01-2016,08-01-2016,1,155.97,5,26,11,3, $24.9 ,30, $747.0 , $746.9 ,5%
10404,MAGAA,2,03-01-2016,31-01-2016,08-01-2016,1,155.97,5,42,20,5, $11.2 ,40, $448.0 , $447.9 ,5%
10404,MAGAA,2,03-01-2016,31-01-2016,08-01-2016,1,155.97,5,49,23,3, $16.0 ,30, $480.0 , $479.9 ,5%
10405,LINOD,1,06-01-2016,03-02-2016,22-01-2016,1,34.82,16,3,1,2, $8.0 ,50, $400.0 , $400.0 ,0%
10406,QUEEN,7,07-01-2016,18-02-2016,13-01-2016,1,108.04,6,1,1,1, $14.4 ,10, $144.0 , $144.0 ,0%
10406,QUEEN,7,07-01-2016,18-02-2016,13-01-2016,1,108.04,6,21,8,3, $8.0 ,30, $240.0 , $239.9 ,10%
10406,QUEEN,7,07-01-2016,18-02-2016,13-01-2016,1,108.04,6,28,12,7, $36.4 ,42," $1,528.8 "," $1,528.7 ",10%
10406,QUEEN,7,07-01-2016,18-02-2016,13-01-2016,1,108.04,6,36,17,8, $15.2 ,5, $76.0 , $75.9 ,10%
10406,QUEEN,7,07-01-2016,18-02-2016,13-01-2016,1,108.04,6,40,19,8, $14.7 ,2, $29.4 , $29.3 ,10%
10407,OTTIK,2,07-01-2016,04-02-2016,30-01-2016,2,91.48,23,11,5,4, $16.8 ,30, $504.0 , $504.0 ,0%
10407,OTTIK,2,07-01-2016,04-02-2016,30-01-2016,2,91.48,23,69,15,4, $28.8 ,15, $432.0 , $432.0 ,0%
10407,OTTIK,2,07-01-2016,04-02-2016,30-01-2016,2,91.48,23,71,15,4, $17.2 ,15, $258.0 , $258.0 ,0%
10408,FOLIG,8,08-01-2016,05-02-2016,14-01-2016,1,11.26,6,37,17,8, $20.8 ,10, $208.0 , $208.0 ,0%
10408,FOLIG,8,08-01-2016,05-02-2016,14-01-2016,1,11.26,6,54,25,6, $5.9 ,6, $35.4 , $35.4 ,0%
10408,FOLIG,8,08-01-2016,05-02-2016,14-01-2016,1,11.26,6,62,29,3, $39.4 ,35," $1,379.0 "," $1,379.0 ",0%
10409,OCEAN,3,09-01-2016,06-02-2016,14-01-2016,1,29.83,5,14,6,7, $18.6 ,12, $223.2 , $223.2 ,0%
10409,OCEAN,3,09-01-2016,06-02-2016,14-01-2016,1,29.83,5,21,8,3, $8.0 ,12, $96.0 , $96.0 ,0%
10410,BOTTM,3,10-01-2016,07-02-2016,15-01-2016,3,2.4,5,33,15,4, $2.0 ,49, $98.0 , $98.0 ,0%
10410,BOTTM,3,10-01-2016,07-02-2016,15-01-2016,3,2.4,5,59,28,4, $44.0 ,16, $704.0 , $704.0 ,0%
10411,BOTTM,9,10-01-2016,07-02-2016,21-01-2016,3,23.65,11,41,19,8, $7.7 ,25, $192.5 , $192.3 ,20%
10411,BOTTM,9,10-01-2016,07-02-2016,21-01-2016,3,23.65,11,44,20,2, $15.5 ,40, $620.0 , $619.8 ,20%
10411,BOTTM,9,10-01-2016,07-02-2016,21-01-2016,3,23.65,11,59,28,4, $44.0 ,9, $396.0 , $395.8 ,20%
10412,WARTH,8,13-01-2016,10-02-2016,15-01-2016,2,3.77,2,14,6,7, $18.6 ,20, $372.0 , $371.9 ,10%
10413,LAMAI,3,14-01-2016,11-02-2016,16-01-2016,2,95.66,2,1,1,1, $14.4 ,24, $345.6 , $345.6 ,0%
10413,LAMAI,3,14-01-2016,11-02-2016,16-01-2016,2,95.66,2,62,29,3, $39.4 ,40," $1,576.0 "," $1,576.0 ",0%
10413,LAMAI,3,14-01-2016,11-02-2016,16-01-2016,2,95.66,2,76,23,1, $14.4 ,14, $201.6 , $201.6 ,0%
10414,FAMIA,2,14-01-2016,11-02-2016,17-01-2016,3,21.48,3,19,8,3, $7.3 ,18, $131.4 , $131.3 ,5%
10414,FAMIA,2,14-01-2016,11-02-2016,17-01-2016,3,21.48,3,33,15,4, $2.0 ,50, $100.0 , $100.0 ,0%
10415,HUNGC,3,15-01-2016,12-02-2016,24-01-2016,1,0.2,9,17,7,6, $31.2 ,2, $62.4 , $62.4 ,0%
10415,HUNGC,3,15-01-2016,12-02-2016,24-01-2016,1,0.2,9,33,15,4, $2.0 ,20, $40.0 , $40.0 ,0%
10416,WARTH,8,16-01-2016,13-02-2016,27-01-2016,3,22.72,11,19,8,3, $7.3 ,20, $146.0 , $146.0 ,0%
10416,WARTH,8,16-01-2016,13-02-2016,27-01-2016,3,22.72,11,53,24,6, $26.2 ,10, $262.0 , $262.0 ,0%
10416,WARTH,8,16-01-2016,13-02-2016,27-01-2016,3,22.72,11,57,26,5, $15.6 ,20, $312.0 , $312.0 ,0%
10417,SIMOB,4,16-01-2016,13-02-2016,28-01-2016,3,70.29,12,38,18,1, $210.8 ,50," $10,540.0 "," $10,540.0 ",0%
10417,SIMOB,4,16-01-2016,13-02-2016,28-01-2016,3,70.29,12,46,21,8, $9.6 ,2, $19.2 , $19.0 ,25%
10417,SIMOB,4,16-01-2016,13-02-2016,28-01-2016,3,70.29,12,68,8,3, $10.0 ,36, $360.0 , $359.8 ,25%
10417,SIMOB,4,16-01-2016,13-02-2016,28-01-2016,3,70.29,12,77,12,2, $10.4 ,35, $364.0 , $364.0 ,0%
10418,QUICK,4,17-01-2016,14-02-2016,24-01-2016,1,17.55,7,2,1,1, $15.2 ,60, $912.0 , $912.0 ,0%
10418,QUICK,4,17-01-2016,14-02-2016,24-01-2016,1,17.55,7,47,22,3, $7.6 ,55, $418.0 , $418.0 ,0%
10418,QUICK,4,17-01-2016,14-02-2016,24-01-2016,1,17.55,7,61,29,2, $22.8 ,16, $364.8 , $364.8 ,0%
10418,QUICK,4,17-01-2016,14-02-2016,24-01-2016,1,17.55,7,74,4,7, $8.0 ,15, $120.0 , $120.0 ,0%
10419,RICSU,4,20-01-2016,17-02-2016,30-01-2016,2,137.35,10,60,28,4, $27.2 ,60," $1,632.0 "," $1,631.9 ",5%
10419,RICSU,4,20-01-2016,17-02-2016,30-01-2016,2,137.35,10,69,15,4, $28.8 ,20, $576.0 , $575.9 ,5%
10420,WELLI,3,21-01-2016,18-02-2016,27-01-2016,1,44.12,6,9,4,6, $77.6 ,20," $1,552.0 "," $1,551.9 ",10%
10420,WELLI,3,21-01-2016,18-02-2016,27-01-2016,1,44.12,6,13,6,8, $4.8 ,2, $9.6 , $9.5 ,10%
10420,WELLI,3,21-01-2016,18-02-2016,27-01-2016,1,44.12,6,70,7,1, $12.0 ,8, $96.0 , $95.9 ,10%
10420,WELLI,3,21-01-2016,18-02-2016,27-01-2016,1,44.12,6,73,17,8, $12.0 ,20, $240.0 , $239.9 ,10%
10421,QUEDE,8,21-01-2016,04-03-2016,27-01-2016,1,99.23,6,19,8,3, $7.3 ,4, $29.2 , $29.0 ,15%
10421,QUEDE,8,21-01-2016,04-03-2016,27-01-2016,1,99.23,6,26,11,3, $24.9 ,30, $747.0 , $747.0 ,0%
10421,QUEDE,8,21-01-2016,04-03-2016,27-01-2016,1,99.23,6,53,24,6, $26.2 ,15, $393.0 , $392.8 ,15%
10421,QUEDE,8,21-01-2016,04-03-2016,27-01-2016,1,99.23,6,77,12,2, $10.4 ,10, $104.0 , $103.8 ,15%
10422,FRANS,2,22-01-2016,19-02-2016,31-01-2016,1,3.02,9,26,11,3, $24.9 ,2, $49.8 , $49.8 ,0%
10423,GOURL,6,23-01-2016,06-02-2016,24-02-2016,3,24.5,32,31,14,4, $10.0 ,14, $140.0 , $140.0 ,0%
10423,GOURL,6,23-01-2016,06-02-2016,24-02-2016,3,24.5,32,59,28,4, $44.0 ,20, $880.0 , $880.0 ,0%
10424,MEREP,7,23-01-2016,20-02-2016,27-01-2016,2,370.61,4,35,16,1, $14.4 ,60, $864.0 , $863.8 ,20%
10424,MEREP,7,23-01-2016,20-02-2016,27-01-2016,2,370.61,4,38,18,1, $210.8 ,49," $10,329.2 "," $10,329.0 ",20%
10424,MEREP,7,23-01-2016,20-02-2016,27-01-2016,2,370.61,4,68,8,3, $10.0 ,30, $300.0 , $299.8 ,20%
10425,LAMAI,6,24-01-2016,21-02-2016,14-02-2016,2,7.93,21,55,25,6, $19.2 ,10, $192.0 , $191.8 ,25%
10425,LAMAI,6,24-01-2016,21-02-2016,14-02-2016,2,7.93,21,76,23,1, $14.4 ,20, $288.0 , $287.8 ,25%
10426,GALED,4,27-01-2016,24-02-2016,06-02-2016,1,18.69,10,56,26,5, $30.4 ,5, $152.0 , $152.0 ,0%
10426,GALED,4,27-01-2016,24-02-2016,06-02-2016,1,18.69,10,64,12,5, $26.6 ,7, $186.2 , $186.2 ,0%
10427,PICCO,4,27-01-2016,24-02-2016,03-03-2016,2,31.29,36,14,6,7, $18.6 ,35, $651.0 , $651.0 ,0%
10428,REGGC,7,28-01-2016,25-02-2016,04-02-2016,1,11.09,7,46,21,8, $9.6 ,20, $192.0 , $192.0 ,0%
10429,HUNGO,3,29-01-2016,12-03-2016,07-02-2016,2,56.63,9,50,23,3, $13.0 ,40, $520.0 , $520.0 ,0%
10429,HUNGO,3,29-01-2016,12-03-2016,07-02-2016,2,56.63,9,63,7,2, $35.1 ,35," $1,228.5 "," $1,228.3 ",25%
10430,ERNSH,4,30-01-2016,13-02-2016,03-02-2016,1,458.78,4,17,7,6, $31.2 ,45," $1,404.0 "," $1,403.8 ",20%
10430,ERNSH,4,30-01-2016,13-02-2016,03-02-2016,1,458.78,4,21,8,3, $8.0 ,50, $400.0 , $400.0 ,0%
10430,ERNSH,4,30-01-2016,13-02-2016,03-02-2016,1,458.78,4,56,26,5, $30.4 ,30, $912.0 , $912.0 ,0%
10430,ERNSH,4,30-01-2016,13-02-2016,03-02-2016,1,458.78,4,59,28,4, $44.0 ,70," $3,080.0 "," $3,079.8 ",20%
10431,BOTTM,4,30-01-2016,13-02-2016,07-02-2016,2,44.17,8,17,7,6, $31.2 ,50," $1,560.0 "," $1,559.8 ",25%
10431,BOTTM,4,30-01-2016,13-02-2016,07-02-2016,2,44.17,8,40,19,8, $14.7 ,50, $735.0 , $734.8 ,25%
10431,BOTTM,4,30-01-2016,13-02-2016,07-02-2016,2,44.17,8,47,22,3, $7.6 ,30, $228.0 , $227.8 ,25%
10432,SPLIR,3,31-01-2016,14-02-2016,07-02-2016,2,4.34,7,26,11,3, $24.9 ,10, $249.0 , $249.0 ,0%
10432,SPLIR,3,31-01-2016,14-02-2016,07-02-2016,2,4.34,7,54,25,6, $5.9 ,40, $236.0 , $236.0 ,0%
10433,PRINI,3,03-02-2016,03-03-2016,04-03-2016,3,73.83,30,56,26,5, $30.4 ,28, $851.2 , $851.2 ,0%
10434,FOLKO,3,03-02-2016,03-03-2016,13-02-2016,2,17.92,10,11,5,4, $16.8 ,6, $100.8 , $100.8 ,0%
10434,FOLKO,3,03-02-2016,03-03-2016,13-02-2016,2,17.92,10,76,23,1, $14.4 ,18, $259.2 , $259.0 ,15%
10435,CONSH,8,04-02-2016,18-03-2016,07-02-2016,2,9.21,3,2,1,1, $15.2 ,10, $152.0 , $152.0 ,0%
10435,CONSH,8,04-02-2016,18-03-2016,07-02-2016,2,9.21,3,22,9,5, $16.8 ,12, $201.6 , $201.6 ,0%
10435,CONSH,8,04-02-2016,18-03-2016,07-02-2016,2,9.21,3,72,14,4, $27.8 ,10, $278.0 , $278.0 ,0%
10436,BLONP,3,05-02-2016,05-03-2016,11-02-2016,2,156.66,6,46,21,8, $9.6 ,5, $48.0 , $48.0 ,0%
10436,BLONP,3,05-02-2016,05-03-2016,11-02-2016,2,156.66,6,56,26,5, $30.4 ,40," $1,216.0 "," $1,215.9 ",10%
10436,BLONP,3,05-02-2016,05-03-2016,11-02-2016,2,156.66,6,64,12,5, $26.6 ,30, $798.0 , $797.9 ,10%
10436,BLONP,3,05-02-2016,05-03-2016,11-02-2016,2,156.66,6,75,12,1, $6.2 ,24, $148.8 , $148.7 ,10%
10437,WARTH,8,05-02-2016,05-03-2016,12-02-2016,1,19.97,7,53,24,6, $26.2 ,15, $393.0 , $393.0 ,0%
10438,TOMSP,3,06-02-2016,06-03-2016,14-02-2016,2,8.24,8,19,8,3, $7.3 ,15, $109.5 , $109.3 ,20%
10438,TOMSP,3,06-02-2016,06-03-2016,14-02-2016,2,8.24,8,34,16,1, $11.2 ,20, $224.0 , $223.8 ,20%
10438,TOMSP,3,06-02-2016,06-03-2016,14-02-2016,2,8.24,8,57,26,5, $15.6 ,15, $234.0 , $233.8 ,20%
10439,MEREP,6,07-02-2016,07-03-2016,10-02-2016,3,4.07,3,12,5,4, $30.4 ,15, $456.0 , $456.0 ,0%
10439,MEREP,6,07-02-2016,07-03-2016,10-02-2016,3,4.07,3,16,7,3, $13.9 ,16, $222.4 , $222.4 ,0%
10439,MEREP,6,07-02-2016,07-03-2016,10-02-2016,3,4.07,3,64,12,5, $26.6 ,6, $159.6 , $159.6 ,0%
10439,MEREP,6,07-02-2016,07-03-2016,10-02-2016,3,4.07,3,74,4,7, $8.0 ,30, $240.0 , $240.0 ,0%
10440,SAVEA,4,10-02-2016,10-03-2016,28-02-2016,2,86.53,18,2,1,1, $15.2 ,45, $684.0 , $683.8 ,15%
10440,SAVEA,4,10-02-2016,10-03-2016,28-02-2016,2,86.53,18,16,7,3, $13.9 ,49, $681.1 , $680.9 ,15%
10440,SAVEA,4,10-02-2016,10-03-2016,28-02-2016,2,86.53,18,29,12,6, $99.0 ,24," $2,376.0 "," $2,375.8 ",15%
10440,SAVEA,4,10-02-2016,10-03-2016,28-02-2016,2,86.53,18,61,29,2, $22.8 ,90," $2,052.0 "," $2,051.8 ",15%
10441,OLDWO,3,10-02-2016,24-03-2016,14-03-2016,2,73.02,33,27,11,3, $35.1 ,50," $1,755.0 "," $1,755.0 ",0%
10442,ERNSH,3,11-02-2016,11-03-2016,18-02-2016,2,47.94,7,11,5,4, $16.8 ,30, $504.0 , $504.0 ,0%
10442,ERNSH,3,11-02-2016,11-03-2016,18-02-2016,2,47.94,7,54,25,6, $5.9 ,80, $472.0 , $472.0 ,0%
10442,ERNSH,3,11-02-2016,11-03-2016,18-02-2016,2,47.94,7,66,2,2, $13.6 ,60, $816.0 , $816.0 ,0%
10443,REGGC,8,12-02-2016,12-03-2016,14-02-2016,1,13.95,2,11,5,4, $16.8 ,6, $100.8 , $100.6 ,20%
10443,REGGC,8,12-02-2016,12-03-2016,14-02-2016,1,13.95,2,28,12,7, $36.4 ,12, $436.8 , $436.8 ,0%
10444,BERGS,3,12-02-2016,12-03-2016,21-02-2016,3,3.5,9,17,7,6, $31.2 ,10, $312.0 , $312.0 ,0%
10444,BERGS,3,12-02-2016,12-03-2016,21-02-2016,3,3.5,9,26,11,3, $24.9 ,15, $373.5 , $373.5 ,0%
10444,BERGS,3,12-02-2016,12-03-2016,21-02-2016,3,3.5,9,35,16,1, $14.4 ,8, $115.2 , $115.2 ,0%
10444,BERGS,3,12-02-2016,12-03-2016,21-02-2016,3,3.5,9,41,19,8, $7.7 ,30, $231.0 , $231.0 ,0%
10445,BERGS,3,13-02-2016,13-03-2016,20-02-2016,1,9.3,7,39,18,1, $14.4 ,6, $86.4 , $86.4 ,0%
10445,BERGS,3,13-02-2016,13-03-2016,20-02-2016,1,9.3,7,54,25,6, $5.9 ,15, $88.5 , $88.5 ,0%
10446,TOMSP,6,14-02-2016,14-03-2016,19-02-2016,1,14.68,5,19,8,3, $7.3 ,12, $87.6 , $87.5 ,10%
10446,TOMSP,6,14-02-2016,14-03-2016,19-02-2016,1,14.68,5,24,10,1, $3.6 ,20, $72.0 , $71.9 ,10%
10446,TOMSP,6,14-02-2016,14-03-2016,19-02-2016,1,14.68,5,31,14,4, $10.0 ,3, $30.0 , $29.9 ,10%
10446,TOMSP,6,14-02-2016,14-03-2016,19-02-2016,1,14.68,5,52,24,5, $5.6 ,15, $84.0 , $83.9 ,10%
10447,RICAR,4,14-02-2016,14-03-2016,07-03-2016,2,68.66,22,19,8,3, $7.3 ,40, $292.0 , $292.0 ,0%
10447,RICAR,4,14-02-2016,14-03-2016,07-03-2016,2,68.66,22,65,2,2, $16.8 ,35, $588.0 , $588.0 ,0%
10447,RICAR,4,14-02-2016,14-03-2016,07-03-2016,2,68.66,22,71,15,4, $17.2 ,2, $34.4 , $34.4 ,0%
10448,RANCH,4,17-02-2016,17-03-2016,24-02-2016,2,38.82,7,26,11,3, $24.9 ,6, $149.4 , $149.4 ,0%
10448,RANCH,4,17-02-2016,17-03-2016,24-02-2016,2,38.82,7,40,19,8, $14.7 ,20, $294.0 , $294.0 ,0%
10449,BLONP,3,18-02-2016,18-03-2016,27-02-2016,2,53.3,9,10,4,8, $24.8 ,14, $347.2 , $347.2 ,0%
10449,BLONP,3,18-02-2016,18-03-2016,27-02-2016,2,53.3,9,52,24,5, $5.6 ,20, $112.0 , $112.0 ,0%
10449,BLONP,3,18-02-2016,18-03-2016,27-02-2016,2,53.3,9,62,29,3, $39.4 ,35," $1,379.0 "," $1,379.0 ",0%
10450,VICTE,8,19-02-2016,19-03-2016,11-03-2016,2,7.23,21,10,4,8, $24.8 ,20, $496.0 , $495.8 ,20%
10450,VICTE,8,19-02-2016,19-03-2016,11-03-2016,2,7.23,21,54,25,6, $5.9 ,6, $35.4 , $35.2 ,20%
10451,QUICK,4,19-02-2016,05-03-2016,12-03-2016,3,189.09,22,55,25,6, $19.2 ,120," $2,304.0 "," $2,303.9 ",10%
10451,QUICK,4,19-02-2016,05-03-2016,12-03-2016,3,189.09,22,64,12,5, $26.6 ,35, $931.0 , $930.9 ,10%
10451,QUICK,4,19-02-2016,05-03-2016,12-03-2016,3,189.09,22,65,2,2, $16.8 ,28, $470.4 , $470.3 ,10%
10451,QUICK,4,19-02-2016,05-03-2016,12-03-2016,3,189.09,22,77,12,2, $10.4 ,55, $572.0 , $571.9 ,10%
10452,SAVEA,8,20-02-2016,20-03-2016,26-02-2016,1,140.26,6,28,12,7, $36.4 ,15, $546.0 , $546.0 ,0%
10452,SAVEA,8,20-02-2016,20-03-2016,26-02-2016,1,140.26,6,44,20,2, $15.5 ,100," $1,550.0 "," $1,549.9 ",5%
10453,AROUT,1,21-02-2016,21-03-2016,26-02-2016,2,25.36,5,48,22,3, $10.2 ,15, $153.0 , $152.9 ,10%
10453,AROUT,1,21-02-2016,21-03-2016,26-02-2016,2,25.36,5,70,7,1, $12.0 ,25, $300.0 , $299.9 ,10%
10454,LAMAI,4,21-02-2016,21-03-2016,25-02-2016,3,2.74,4,16,7,3, $13.9 ,20, $278.0 , $277.8 ,20%
10454,LAMAI,4,21-02-2016,21-03-2016,25-02-2016,3,2.74,4,33,15,4, $2.0 ,20, $40.0 , $39.8 ,20%
10454,LAMAI,4,21-02-2016,21-03-2016,25-02-2016,3,2.74,4,46,21,8, $9.6 ,10, $96.0 , $95.8 ,20%
10455,WARTH,8,24-02-2016,07-04-2016,03-03-2016,2,180.45,8,39,18,1, $14.4 ,20, $288.0 , $288.0 ,0%
10455,WARTH,8,24-02-2016,07-04-2016,03-03-2016,2,180.45,8,53,24,6, $26.2 ,50," $1,310.0 "," $1,310.0 ",0%
10455,WARTH,8,24-02-2016,07-04-2016,03-03-2016,2,180.45,8,61,29,2, $22.8 ,25, $570.0 , $570.0 ,0%
10455,WARTH,8,24-02-2016,07-04-2016,03-03-2016,2,180.45,8,71,15,4, $17.2 ,30, $516.0 , $516.0 ,0%
10456,KOENE,8,25-02-2016,08-04-2016,28-02-2016,2,8.12,3,21,8,3, $8.0 ,40, $320.0 , $319.8 ,15%
10456,KOENE,8,25-02-2016,08-04-2016,28-02-2016,2,8.12,3,49,23,3, $16.0 ,21, $336.0 , $335.8 ,15%
10457,KOENE,2,25-02-2016,25-03-2016,03-03-2016,1,11.57,7,59,28,4, $44.0 ,36," $1,584.0 "," $1,584.0 ",0%
10458,SUPRD,7,26-02-2016,26-03-2016,04-03-2016,3,147.06,7,26,11,3, $24.9 ,30, $747.0 , $747.0 ,0%
10458,SUPRD,7,26-02-2016,26-03-2016,04-03-2016,3,147.06,7,28,12,7, $36.4 ,30," $1,092.0 "," $1,092.0 ",0%
10458,SUPRD,7,26-02-2016,26-03-2016,04-03-2016,3,147.06,7,43,20,1, $36.8 ,20, $736.0 , $736.0 ,0%
10458,SUPRD,7,26-02-2016,26-03-2016,04-03-2016,3,147.06,7,56,26,5, $30.4 ,15, $456.0 , $456.0 ,0%
10458,SUPRD,7,26-02-2016,26-03-2016,04-03-2016,3,147.06,7,71,15,4, $17.2 ,50, $860.0 , $860.0 ,0%
10459,VICTE,4,27-02-2016,27-03-2016,28-02-2016,2,25.09,1,7,3,7, $24.0 ,16, $384.0 , $383.9 ,5%
10459,VICTE,4,27-02-2016,27-03-2016,28-02-2016,2,25.09,1,46,21,8, $9.6 ,20, $192.0 , $191.9 ,5%
10459,VICTE,4,27-02-2016,27-03-2016,28-02-2016,2,25.09,1,72,14,4, $27.8 ,40," $1,112.0 "," $1,112.0 ",0%
10460,FOLKO,8,28-02-2016,28-03-2016,03-03-2016,1,16.27,4,68,8,3, $10.0 ,21, $210.0 , $209.8 ,25%
10460,FOLKO,8,28-02-2016,28-03-2016,03-03-2016,1,16.27,4,75,12,1, $6.2 ,4, $24.8 , $24.6 ,25%
10461,LILAS,1,28-02-2016,28-03-2016,05-03-2016,3,148.61,6,21,8,3, $8.0 ,40, $320.0 , $319.8 ,25%
10461,LILAS,1,28-02-2016,28-03-2016,05-03-2016,3,148.61,6,30,13,8, $20.7 ,28, $579.6 , $579.4 ,25%
10461,LILAS,1,28-02-2016,28-03-2016,05-03-2016,3,148.61,6,55,25,6, $19.2 ,60," $1,152.0 "," $1,151.8 ",25%
10462,CONSH,2,03-03-2016,31-03-2016,18-03-2016,1,6.17,15,13,6,8, $4.8 ,1, $4.8 , $4.8 ,0%
10462,CONSH,2,03-03-2016,31-03-2016,18-03-2016,1,6.17,15,23,9,5, $7.2 ,21, $151.2 , $151.2 ,0%
10463,SUPRD,5,04-03-2016,01-04-2016,06-03-2016,3,14.78,2,19,8,3, $7.3 ,21, $153.3 , $153.3 ,0%
10463,SUPRD,5,04-03-2016,01-04-2016,06-03-2016,3,14.78,2,42,20,5, $11.2 ,50, $560.0 , $560.0 ,0%
10464,FURIB,4,04-03-2016,01-04-2016,14-03-2016,2,89,10,4,2,2, $17.6 ,16, $281.6 , $281.4 ,20%
10464,FURIB,4,04-03-2016,01-04-2016,14-03-2016,2,89,10,43,20,1, $36.8 ,3, $110.4 , $110.4 ,0%
10464,FURIB,4,04-03-2016,01-04-2016,14-03-2016,2,89,10,56,26,5, $30.4 ,30, $912.0 , $911.8 ,20%
10464,FURIB,4,04-03-2016,01-04-2016,14-03-2016,2,89,10,60,28,4, $27.2 ,20, $544.0 , $544.0 ,0%
10465,VAFFE,1,05-03-2016,02-04-2016,14-03-2016,3,145.04,9,24,10,1, $3.6 ,25, $90.0 , $90.0 ,0%
10465,VAFFE,1,05-03-2016,02-04-2016,14-03-2016,3,145.04,9,29,12,6, $99.0 ,18," $1,782.0 "," $1,781.9 ",10%
10465,VAFFE,1,05-03-2016,02-04-2016,14-03-2016,3,145.04,9,40,19,8, $14.7 ,20, $294.0 , $294.0 ,0%
10465,VAFFE,1,05-03-2016,02-04-2016,14-03-2016,3,145.04,9,45,21,8, $7.6 ,30, $228.0 , $227.9 ,10%
10465,VAFFE,1,05-03-2016,02-04-2016,14-03-2016,3,145.04,9,50,23,3, $13.0 ,25, $325.0 , $325.0 ,0%
10466,COMMI,4,06-03-2016,03-04-2016,13-03-2016,1,11.93,7,11,5,4, $16.8 ,10, $168.0 , $168.0 ,0%
10466,COMMI,4,06-03-2016,03-04-2016,13-03-2016,1,11.93,7,46,21,8, $9.6 ,5, $48.0 , $48.0 ,0%
10467,MAGAA,8,06-03-2016,03-04-2016,11-03-2016,2,4.93,5,24,10,1, $3.6 ,28, $100.8 , $100.8 ,0%
10467,MAGAA,8,06-03-2016,03-04-2016,11-03-2016,2,4.93,5,25,11,3, $11.2 ,12, $134.4 , $134.4 ,0%
10468,KOENE,3,07-03-2016,04-04-2016,12-03-2016,3,44.12,5,30,13,8, $20.7 ,8, $165.6 , $165.6 ,0%
10468,KOENE,3,07-03-2016,04-04-2016,12-03-2016,3,44.12,5,43,20,1, $36.8 ,15, $552.0 , $552.0 ,0%
10469,WHITC,1,10-03-2016,07-04-2016,14-03-2016,1,60.18,4,2,1,1, $15.2 ,40, $608.0 , $607.8 ,15%
10469,WHITC,1,10-03-2016,07-04-2016,14-03-2016,1,60.18,4,16,7,3, $13.9 ,35, $486.5 , $486.3 ,15%
10469,WHITC,1,10-03-2016,07-04-2016,14-03-2016,1,60.18,4,44,20,2, $15.5 ,2, $31.0 , $30.8 ,15%
10470,BONAP,4,11-03-2016,08-04-2016,14-03-2016,2,64.56,3,18,7,8, $50.0 ,30," $1,500.0 "," $1,500.0 ",0%
10470,BONAP,4,11-03-2016,08-04-2016,14-03-2016,2,64.56,3,23,9,5, $7.2 ,15, $108.0 , $108.0 ,0%
10470,BONAP,4,11-03-2016,08-04-2016,14-03-2016,2,64.56,3,64,12,5, $26.6 ,8, $212.8 , $212.8 ,0%
10471,BSBEV,2,11-03-2016,08-04-2016,18-03-2016,3,45.59,7,7,3,7, $24.0 ,30, $720.0 , $720.0 ,0%
10471,BSBEV,2,11-03-2016,08-04-2016,18-03-2016,3,45.59,7,56,26,5, $30.4 ,20, $608.0 , $608.0 ,0%
10472,SEVES,8,12-03-2016,09-04-2016,19-03-2016,1,4.2,7,24,10,1, $3.6 ,80, $288.0 , $287.9 ,5%
10472,SEVES,8,12-03-2016,09-04-2016,19-03-2016,1,4.2,7,51,24,7, $42.4 ,18, $763.2 , $763.2 ,0%
10473,ISLAT,1,13-03-2016,27-03-2016,21-03-2016,3,16.37,8,33,15,4, $2.0 ,12, $24.0 , $24.0 ,0%
10473,ISLAT,1,13-03-2016,27-03-2016,21-03-2016,3,16.37,8,71,15,4, $17.2 ,12, $206.4 , $206.4 ,0%
10474,PERIC,5,13-03-2016,10-04-2016,21-03-2016,2,83.49,8,14,6,7, $18.6 ,12, $223.2 , $223.2 ,0%
10474,PERIC,5,13-03-2016,10-04-2016,21-03-2016,2,83.49,8,28,12,7, $36.4 ,18, $655.2 , $655.2 ,0%
10474,PERIC,5,13-03-2016,10-04-2016,21-03-2016,2,83.49,8,40,19,8, $14.7 ,21, $308.7 , $308.7 ,0%
10474,PERIC,5,13-03-2016,10-04-2016,21-03-2016,2,83.49,8,75,12,1, $6.2 ,10, $62.0 , $62.0 ,0%
10475,SUPRD,9,14-03-2016,11-04-2016,04-04-2016,1,68.52,21,31,14,4, $10.0 ,35, $350.0 , $349.8 ,15%
10475,SUPRD,9,14-03-2016,11-04-2016,04-04-2016,1,68.52,21,66,2,2, $13.6 ,60, $816.0 , $815.8 ,15%
10475,SUPRD,9,14-03-2016,11-04-2016,04-04-2016,1,68.52,21,76,23,1, $14.4 ,42, $604.8 , $604.6 ,15%
10476,HILAA,8,17-03-2016,14-04-2016,24-03-2016,3,4.41,7,55,25,6, $19.2 ,2, $38.4 , $38.3 ,5%
10476,HILAA,8,17-03-2016,14-04-2016,24-03-2016,3,4.41,7,70,7,1, $12.0 ,12, $144.0 , $144.0 ,0%
10477,PRINI,5,17-03-2016,14-04-2016,25-03-2016,2,13.02,8,1,1,1, $14.4 ,15, $216.0 , $216.0 ,0%
10477,PRINI,5,17-03-2016,14-04-2016,25-03-2016,2,13.02,8,21,8,3, $8.0 ,21, $168.0 , $167.8 ,25%
10477,PRINI,5,17-03-2016,14-04-2016,25-03-2016,2,13.02,8,39,18,1, $14.4 ,20, $288.0 , $287.8 ,25%
10478,VICTE,2,18-03-2016,01-04-2016,26-03-2016,3,4.81,8,10,4,8, $24.8 ,20, $496.0 , $495.9 ,5%
10479,RATTC,3,19-03-2016,16-04-2016,21-03-2016,3,708.95,2,38,18,1, $210.8 ,30," $6,324.0 "," $6,324.0 ",0%
10479,RATTC,3,19-03-2016,16-04-2016,21-03-2016,3,708.95,2,53,24,6, $26.2 ,28, $733.6 , $733.6 ,0%
10479,RATTC,3,19-03-2016,16-04-2016,21-03-2016,3,708.95,2,59,28,4, $44.0 ,60," $2,640.0 "," $2,640.0 ",0%
10479,RATTC,3,19-03-2016,16-04-2016,21-03-2016,3,708.95,2,64,12,5, $26.6 ,30, $798.0 , $798.0 ,0%
10480,FOLIG,6,20-03-2016,17-04-2016,24-03-2016,2,1.35,4,47,22,3, $7.6 ,30, $228.0 , $228.0 ,0%
10480,FOLIG,6,20-03-2016,17-04-2016,24-03-2016,2,1.35,4,59,28,4, $44.0 ,12, $528.0 , $528.0 ,0%
10481,RICAR,8,20-03-2016,17-04-2016,25-03-2016,2,64.33,5,49,23,3, $16.0 ,24, $384.0 , $384.0 ,0%
10481,RICAR,8,20-03-2016,17-04-2016,25-03-2016,2,64.33,5,60,28,4, $27.2 ,40," $1,088.0 "," $1,088.0 ",0%
10482,LAZYK,1,21-03-2016,18-04-2016,10-04-2016,3,7.48,20,40,19,8, $14.7 ,10, $147.0 , $147.0 ,0%
10483,WHITC,7,24-03-2016,21-04-2016,25-04-2016,2,15.28,32,34,16,1, $11.2 ,35, $392.0 , $391.9 ,5%
10483,WHITC,7,24-03-2016,21-04-2016,25-04-2016,2,15.28,32,77,12,2, $10.4 ,30, $312.0 , $311.9 ,5%
10484,BSBEV,3,24-03-2016,21-04-2016,01-04-2016,3,6.88,8,21,8,3, $8.0 ,14, $112.0 , $112.0 ,0%
10484,BSBEV,3,24-03-2016,21-04-2016,01-04-2016,3,6.88,8,40,19,8, $14.7 ,10, $147.0 , $147.0 ,0%
10484,BSBEV,3,24-03-2016,21-04-2016,01-04-2016,3,6.88,8,51,24,7, $42.4 ,3, $127.2 , $127.2 ,0%
10485,LINOD,4,25-03-2016,08-04-2016,31-03-2016,2,64.45,6,2,1,1, $15.2 ,20, $304.0 , $303.9 ,10%
10485,LINOD,4,25-03-2016,08-04-2016,31-03-2016,2,64.45,6,3,1,2, $8.0 ,20, $160.0 , $159.9 ,10%
10485,LINOD,4,25-03-2016,08-04-2016,31-03-2016,2,64.45,6,55,25,6, $19.2 ,30, $576.0 , $575.9 ,10%
10485,LINOD,4,25-03-2016,08-04-2016,31-03-2016,2,64.45,6,70,7,1, $12.0 ,60, $720.0 , $719.9 ,10%
10486,HILAA,1,26-03-2016,23-04-2016,02-04-2016,2,30.53,7,11,5,4, $16.8 ,5, $84.0 , $84.0 ,0%
10486,HILAA,1,26-03-2016,23-04-2016,02-04-2016,2,30.53,7,51,24,7, $42.4 ,25," $1,060.0 "," $1,060.0 ",0%
10486,HILAA,1,26-03-2016,23-04-2016,02-04-2016,2,30.53,7,74,4,7, $8.0 ,16, $128.0 , $128.0 ,0%
10487,QUEEN,2,26-03-2016,23-04-2016,28-03-2016,2,71.07,2,19,8,3, $7.3 ,5, $36.5 , $36.5 ,0%
10487,QUEEN,2,26-03-2016,23-04-2016,28-03-2016,2,71.07,2,26,11,3, $24.9 ,30, $747.0 , $747.0 ,0%
10487,QUEEN,2,26-03-2016,23-04-2016,28-03-2016,2,71.07,2,54,25,6, $5.9 ,24, $141.6 , $141.4 ,25%
10488,FRANK,8,27-03-2016,24-04-2016,02-04-2016,2,4.93,6,59,28,4, $44.0 ,30," $1,320.0 "," $1,320.0 ",0%
10488,FRANK,8,27-03-2016,24-04-2016,02-04-2016,2,4.93,6,73,17,8, $12.0 ,20, $240.0 , $239.8 ,20%
10489,PICCO,6,28-03-2016,25-04-2016,09-04-2016,2,5.29,12,11,5,4, $16.8 ,15, $252.0 , $251.8 ,25%
10489,PICCO,6,28-03-2016,25-04-2016,09-04-2016,2,5.29,12,16,7,3, $13.9 ,18, $250.2 , $250.2 ,0%
10490,HILAA,7,31-03-2016,28-04-2016,03-04-2016,2,210.19,3,59,28,4, $44.0 ,60," $2,640.0 "," $2,640.0 ",0%
10490,HILAA,7,31-03-2016,28-04-2016,03-04-2016,2,210.19,3,68,8,3, $10.0 ,30, $300.0 , $300.0 ,0%
10490,HILAA,7,31-03-2016,28-04-2016,03-04-2016,2,210.19,3,75,12,1, $6.2 ,36, $223.2 , $223.2 ,0%
10491,FURIB,8,31-03-2016,28-04-2016,08-04-2016,3,16.96,8,44,20,2, $15.5 ,15, $232.5 , $232.3 ,15%
10491,FURIB,8,31-03-2016,28-04-2016,08-04-2016,3,16.96,8,77,12,2, $10.4 ,7, $72.8 , $72.6 ,15%
10492,BOTTM,3,01-04-2016,29-04-2016,11-04-2016,1,62.89,10,25,11,3, $11.2 ,60, $672.0 , $671.9 ,5%
10492,BOTTM,3,01-04-2016,29-04-2016,11-04-2016,1,62.89,10,42,20,5, $11.2 ,20, $224.0 , $223.9 ,5%
10493,LAMAI,4,02-04-2016,30-04-2016,10-04-2016,3,10.64,8,65,2,2, $16.8 ,15, $252.0 , $251.9 ,10%
10493,LAMAI,4,02-04-2016,30-04-2016,10-04-2016,3,10.64,8,66,2,2, $13.6 ,10, $136.0 , $135.9 ,10%
10493,LAMAI,4,02-04-2016,30-04-2016,10-04-2016,3,10.64,8,69,15,4, $28.8 ,10, $288.0 , $287.9 ,10%
10494,COMMI,4,02-04-2016,30-04-2016,09-04-2016,2,65.99,7,56,26,5, $30.4 ,30, $912.0 , $912.0 ,0%
10495,LAUGB,3,03-04-2016,01-05-2016,11-04-2016,3,4.65,8,23,9,5, $7.2 ,10, $72.0 , $72.0 ,0%
10495,LAUGB,3,03-04-2016,01-05-2016,11-04-2016,3,4.65,8,41,19,8, $7.7 ,20, $154.0 , $154.0 ,0%
10495,LAUGB,3,03-04-2016,01-05-2016,11-04-2016,3,4.65,8,77,12,2, $10.4 ,5, $52.0 , $52.0 ,0%
10496,TRADH,7,04-04-2016,02-05-2016,07-04-2016,2,46.77,3,31,14,4, $10.0 ,20, $200.0 , $199.9 ,5%
10497,LEHMS,7,04-04-2016,02-05-2016,07-04-2016,1,36.21,3,56,26,5, $30.4 ,14, $425.6 , $425.6 ,0%
10497,LEHMS,7,04-04-2016,02-05-2016,07-04-2016,1,36.21,3,72,14,4, $27.8 ,25, $695.0 , $695.0 ,0%
10497,LEHMS,7,04-04-2016,02-05-2016,07-04-2016,1,36.21,3,77,12,2, $10.4 ,25, $260.0 , $260.0 ,0%
10498,HILAA,8,07-04-2016,05-05-2016,11-04-2016,2,29.75,4,24,10,1, $4.5 ,14, $63.0 , $63.0 ,0%
10498,HILAA,8,07-04-2016,05-05-2016,11-04-2016,2,29.75,4,40,19,8, $18.4 ,5, $92.0 , $92.0 ,0%
10498,HILAA,8,07-04-2016,05-05-2016,11-04-2016,2,29.75,4,42,20,5, $14.0 ,30, $420.0 , $420.0 ,0%
10499,LILAS,4,08-04-2016,06-05-2016,16-04-2016,2,102.02,8,28,12,7, $45.6 ,20, $912.0 , $912.0 ,0%
10499,LILAS,4,08-04-2016,06-05-2016,16-04-2016,2,102.02,8,49,23,3, $20.0 ,25, $500.0 , $500.0 ,0%
10500,LAMAI,6,09-04-2016,07-05-2016,17-04-2016,1,42.68,8,15,6,2, $15.5 ,12, $186.0 , $185.9 ,5%
10500,LAMAI,6,09-04-2016,07-05-2016,17-04-2016,1,42.68,8,28,12,7, $45.6 ,8, $364.8 , $364.7 ,5%
10501,BLAUS,9,09-04-2016,07-05-2016,16-04-2016,3,8.85,7,54,25,6, $7.5 ,20, $149.0 , $149.0 ,0%
10502,PERIC,2,10-04-2016,08-05-2016,29-04-2016,1,69.32,19,45,21,8, $9.5 ,21, $199.5 , $199.5 ,0%
10502,PERIC,2,10-04-2016,08-05-2016,29-04-2016,1,69.32,19,53,24,6, $32.8 ,6, $196.8 , $196.8 ,0%
10502,PERIC,2,10-04-2016,08-05-2016,29-04-2016,1,69.32,19,67,16,1, $14.0 ,30, $420.0 , $420.0 ,0%
10503,HUNGO,6,11-04-2016,09-05-2016,16-04-2016,2,16.74,5,14,6,7, $23.3 ,70," $1,627.5 "," $1,627.5 ",0%
10503,HUNGO,6,11-04-2016,09-05-2016,16-04-2016,2,16.74,5,65,2,2, $21.1 ,20, $421.0 , $421.0 ,0%
10504,WHITC,4,11-04-2016,09-05-2016,18-04-2016,3,59.13,7,2,1,1, $19.0 ,12, $228.0 , $228.0 ,0%
10504,WHITC,4,11-04-2016,09-05-2016,18-04-2016,3,59.13,7,21,8,3, $10.0 ,12, $120.0 , $120.0 ,0%
10504,WHITC,4,11-04-2016,09-05-2016,18-04-2016,3,59.13,7,53,24,6, $32.8 ,10, $328.0 , $328.0 ,0%
10504,WHITC,4,11-04-2016,09-05-2016,18-04-2016,3,59.13,7,61,29,2, $28.5 ,25, $712.5 , $712.5 ,0%
10505,MEREP,3,14-04-2016,12-05-2016,21-04-2016,3,7.13,7,62,29,3, $49.3 ,3, $147.9 , $147.9 ,0%
10506,KOENE,9,15-04-2016,13-05-2016,02-05-2016,2,21.19,17,25,11,3, $14.0 ,18, $252.0 , $251.9 ,10%
10506,KOENE,9,15-04-2016,13-05-2016,02-05-2016,2,21.19,17,70,7,1, $15.0 ,14, $210.0 , $209.9 ,10%
10507,ANTON,7,15-04-2016,13-05-2016,22-04-2016,1,47.45,7,43,20,1, $46.0 ,15, $690.0 , $689.8 ,15%
10507,ANTON,7,15-04-2016,13-05-2016,22-04-2016,1,47.45,7,48,22,3, $12.8 ,15, $191.3 , $191.1 ,15%
10508,OTTIK,1,16-04-2016,14-05-2016,13-05-2016,2,4.99,27,13,6,8, $6.0 ,10, $60.0 , $60.0 ,0%
10508,OTTIK,1,16-04-2016,14-05-2016,13-05-2016,2,4.99,27,39,18,1, $18.0 ,10, $180.0 , $180.0 ,0%
10509,BLAUS,4,17-04-2016,15-05-2016,29-04-2016,1,0.15,12,28,12,7, $45.6 ,3, $136.8 , $136.8 ,0%
10510,SAVEA,6,18-04-2016,16-05-2016,28-04-2016,3,367.63,10,29,12,6, $123.8 ,36," $4,456.4 "," $4,456.4 ",0%
10510,SAVEA,6,18-04-2016,16-05-2016,28-04-2016,3,367.63,10,75,12,1, $7.8 ,36, $279.0 , $278.9 ,10%
10511,BONAP,4,18-04-2016,16-05-2016,21-04-2016,3,350.64,3,4,2,2, $22.0 ,50," $1,100.0 "," $1,099.8 ",15%
10511,BONAP,4,18-04-2016,16-05-2016,21-04-2016,3,350.64,3,7,3,7, $30.0 ,50," $1,500.0 "," $1,499.8 ",15%
10511,BONAP,4,18-04-2016,16-05-2016,21-04-2016,3,350.64,3,8,3,2, $40.0 ,10, $400.0 , $399.8 ,15%
10512,FAMIA,7,21-04-2016,19-05-2016,24-04-2016,2,3.53,3,24,10,1, $4.5 ,10, $45.0 , $44.8 ,15%
10512,FAMIA,7,21-04-2016,19-05-2016,24-04-2016,2,3.53,3,46,21,8, $12.0 ,9, $108.0 , $107.8 ,15%
10512,FAMIA,7,21-04-2016,19-05-2016,24-04-2016,2,3.53,3,47,22,3, $9.5 ,6, $57.0 , $56.8 ,15%
10512,FAMIA,7,21-04-2016,19-05-2016,24-04-2016,2,3.53,3,60,28,4, $34.0 ,12, $408.0 , $407.8 ,15%
10513,WANDK,7,22-04-2016,03-06-2016,28-04-2016,1,105.65,6,21,8,3, $10.0 ,40, $400.0 , $399.8 ,20%
10513,WANDK,7,22-04-2016,03-06-2016,28-04-2016,1,105.65,6,32,14,4, $32.0 ,50," $1,600.0 "," $1,599.8 ",20%
10513,WANDK,7,22-04-2016,03-06-2016,28-04-2016,1,105.65,6,61,29,2, $28.5 ,15, $427.5 , $427.3 ,20%
10514,ERNSH,3,22-04-2016,20-05-2016,16-05-2016,2,789.95,24,20,8,3, $81.0 ,39," $3,159.0 "," $3,159.0 ",0%
10514,ERNSH,3,22-04-2016,20-05-2016,16-05-2016,2,789.95,24,28,12,7, $45.6 ,35," $1,596.0 "," $1,596.0 ",0%
10514,ERNSH,3,22-04-2016,20-05-2016,16-05-2016,2,789.95,24,56,26,5, $38.0 ,70," $2,660.0 "," $2,660.0 ",0%
10514,ERNSH,3,22-04-2016,20-05-2016,16-05-2016,2,789.95,24,65,2,2, $21.1 ,39, $821.0 , $821.0 ,0%
10514,ERNSH,3,22-04-2016,20-05-2016,16-05-2016,2,789.95,24,75,12,1, $7.8 ,50, $387.5 , $387.5 ,0%
10515,QUICK,2,23-04-2016,07-05-2016,23-05-2016,1,204.47,30,9,4,6, $97.0 ,16," $1,552.0 "," $1,551.8 ",15%
10515,QUICK,2,23-04-2016,07-05-2016,23-05-2016,1,204.47,30,16,7,3, $17.5 ,50, $872.5 , $872.5 ,0%
10515,QUICK,2,23-04-2016,07-05-2016,23-05-2016,1,204.47,30,27,11,3, $43.9 ,120," $5,268.0 "," $5,268.0 ",0%
10515,QUICK,2,23-04-2016,07-05-2016,23-05-2016,1,204.47,30,33,15,4, $2.5 ,16, $40.0 , $39.8 ,15%
10515,QUICK,2,23-04-2016,07-05-2016,23-05-2016,1,204.47,30,60,28,4, $34.0 ,84," $2,856.0 "," $2,855.8 ",15%
10516,HUNGO,2,24-04-2016,22-05-2016,01-05-2016,3,62.78,7,18,7,8, $62.5 ,25," $1,562.5 "," $1,562.4 ",10%
10516,HUNGO,2,24-04-2016,22-05-2016,01-05-2016,3,62.78,7,41,19,8, $9.7 ,80, $772.0 , $771.9 ,10%
10516,HUNGO,2,24-04-2016,22-05-2016,01-05-2016,3,62.78,7,42,20,5, $14.0 ,20, $280.0 , $280.0 ,0%
10517,NORTS,3,24-04-2016,22-05-2016,29-04-2016,3,32.07,5,52,24,5, $7.0 ,6, $42.0 , $42.0 ,0%
10517,NORTS,3,24-04-2016,22-05-2016,29-04-2016,3,32.07,5,59,28,4, $55.0 ,4, $220.0 , $220.0 ,0%
10517,NORTS,3,24-04-2016,22-05-2016,29-04-2016,3,32.07,5,70,7,1, $15.0 ,6, $90.0 , $90.0 ,0%
10518,TORTU,4,25-04-2016,09-05-2016,05-05-2016,2,218.15,10,24,10,1, $4.5 ,5, $22.5 , $22.5 ,0%
10518,TORTU,4,25-04-2016,09-05-2016,05-05-2016,2,218.15,10,38,18,1, $263.5 ,15," $3,952.5 "," $3,952.5 ",0%
10518,TORTU,4,25-04-2016,09-05-2016,05-05-2016,2,218.15,10,44,20,2, $19.5 ,9, $175.1 , $175.1 ,0%
10519,CHOPS,6,28-04-2016,26-05-2016,01-05-2016,3,91.76,3,10,4,8, $31.0 ,16, $496.0 , $495.9 ,5%
10519,CHOPS,6,28-04-2016,26-05-2016,01-05-2016,3,91.76,3,56,26,5, $38.0 ,40," $1,520.0 "," $1,520.0 ",0%
10519,CHOPS,6,28-04-2016,26-05-2016,01-05-2016,3,91.76,3,60,28,4, $34.0 ,10, $340.0 , $339.9 ,5%
10520,SANTG,7,29-04-2016,27-05-2016,01-05-2016,1,13.37,2,24,10,1, $4.5 ,8, $36.0 , $36.0 ,0%
10520,SANTG,7,29-04-2016,27-05-2016,01-05-2016,1,13.37,2,53,24,6, $32.8 ,5, $164.0 , $164.0 ,0%
10521,CACTU,8,29-04-2016,27-05-2016,02-05-2016,2,17.22,3,35,16,1, $18.0 ,3, $54.0 , $54.0 ,0%
10521,CACTU,8,29-04-2016,27-05-2016,02-05-2016,2,17.22,3,41,19,8, $9.7 ,10, $96.5 , $96.5 ,0%
10521,CACTU,8,29-04-2016,27-05-2016,02-05-2016,2,17.22,3,68,8,3, $12.5 ,6, $75.0 , $75.0 ,0%
10522,LEHMS,4,30-04-2016,28-05-2016,06-05-2016,1,45.33,6,1,1,1, $18.0 ,40, $720.0 , $719.8 ,20%
10522,LEHMS,4,30-04-2016,28-05-2016,06-05-2016,1,45.33,6,8,3,2, $40.0 ,24, $960.0 , $960.0 ,0%
10522,LEHMS,4,30-04-2016,28-05-2016,06-05-2016,1,45.33,6,30,13,8, $25.9 ,20, $517.8 , $517.6 ,20%
10522,LEHMS,4,30-04-2016,28-05-2016,06-05-2016,1,45.33,6,40,19,8, $18.4 ,25, $460.0 , $459.8 ,20%
10523,SEVES,7,01-05-2016,29-05-2016,30-05-2016,2,77.63,29,17,7,6, $39.0 ,25, $975.0 , $974.9 ,10%
10523,SEVES,7,01-05-2016,29-05-2016,30-05-2016,2,77.63,29,20,8,3, $81.0 ,15," $1,215.0 "," $1,214.9 ",10%
10523,SEVES,7,01-05-2016,29-05-2016,30-05-2016,2,77.63,29,37,17,8, $26.0 ,18, $468.0 , $467.9 ,10%
10523,SEVES,7,01-05-2016,29-05-2016,30-05-2016,2,77.63,29,41,19,8, $9.7 ,6, $57.9 , $57.8 ,10%
10524,BERGS,1,01-05-2016,29-05-2016,07-05-2016,2,244.79,6,10,4,8, $31.0 ,2, $62.0 , $62.0 ,0%
10524,BERGS,1,01-05-2016,29-05-2016,07-05-2016,2,244.79,6,30,13,8, $25.9 ,10, $258.9 , $258.9 ,0%
10524,BERGS,1,01-05-2016,29-05-2016,07-05-2016,2,244.79,6,43,20,1, $46.0 ,60," $2,760.0 "," $2,760.0 ",0%
10524,BERGS,1,01-05-2016,29-05-2016,07-05-2016,2,244.79,6,54,25,6, $7.5 ,15, $111.8 , $111.8 ,0%
10525,BONAP,1,02-05-2016,30-05-2016,23-05-2016,2,11.06,21,36,17,8, $19.0 ,30, $570.0 , $570.0 ,0%
10525,BONAP,1,02-05-2016,30-05-2016,23-05-2016,2,11.06,21,40,19,8, $18.4 ,15, $276.0 , $275.9 ,10%
10526,WARTH,4,05-05-2016,02-06-2016,15-05-2016,2,58.59,10,1,1,1, $18.0 ,8, $144.0 , $143.8 ,15%
10526,WARTH,4,05-05-2016,02-06-2016,15-05-2016,2,58.59,10,13,6,8, $6.0 ,10, $60.0 , $60.0 ,0%
10526,WARTH,4,05-05-2016,02-06-2016,15-05-2016,2,58.59,10,56,26,5, $38.0 ,30," $1,140.0 "," $1,139.8 ",15%
10527,QUICK,7,05-05-2016,02-06-2016,07-05-2016,1,41.9,2,4,2,2, $22.0 ,50," $1,100.0 "," $1,099.9 ",10%
10527,QUICK,7,05-05-2016,02-06-2016,07-05-2016,1,41.9,2,36,17,8, $19.0 ,30, $570.0 , $569.9 ,10%
10528,GREAL,6,06-05-2016,20-05-2016,09-05-2016,2,3.35,3,11,5,4, $21.0 ,3, $63.0 , $63.0 ,0%
10528,GREAL,6,06-05-2016,20-05-2016,09-05-2016,2,3.35,3,33,15,4, $2.5 ,8, $20.0 , $19.8 ,20%
10528,GREAL,6,06-05-2016,20-05-2016,09-05-2016,2,3.35,3,72,14,4, $34.8 ,9, $313.2 , $313.2 ,0%
10529,MAISD,5,07-05-2016,04-06-2016,09-05-2016,2,66.69,2,55,25,6, $24.0 ,14, $336.0 , $336.0 ,0%
10529,MAISD,5,07-05-2016,04-06-2016,09-05-2016,2,66.69,2,68,8,3, $12.5 ,20, $250.0 , $250.0 ,0%
10529,MAISD,5,07-05-2016,04-06-2016,09-05-2016,2,66.69,2,69,15,4, $36.0 ,10, $360.0 , $360.0 ,0%
10530,PICCO,3,08-05-2016,05-06-2016,12-05-2016,2,339.22,4,17,7,6, $39.0 ,40," $1,560.0 "," $1,560.0 ",0%
10530,PICCO,3,08-05-2016,05-06-2016,12-05-2016,2,339.22,4,43,20,1, $46.0 ,25," $1,150.0 "," $1,150.0 ",0%
10530,PICCO,3,08-05-2016,05-06-2016,12-05-2016,2,339.22,4,61,29,2, $28.5 ,20, $570.0 , $570.0 ,0%
10530,PICCO,3,08-05-2016,05-06-2016,12-05-2016,2,339.22,4,76,23,1, $18.0 ,50, $900.0 , $900.0 ,0%
10531,OCEAN,7,08-05-2016,05-06-2016,19-05-2016,1,8.12,11,59,28,4, $55.0 ,2, $110.0 , $110.0 ,0%
10532,EASTC,7,09-05-2016,06-06-2016,12-05-2016,3,74.46,3,30,13,8, $25.9 ,15, $388.4 , $388.4 ,0%
10532,EASTC,7,09-05-2016,06-06-2016,12-05-2016,3,74.46,3,66,2,2, $17.0 ,24, $408.0 , $408.0 ,0%
10533,FOLKO,8,12-05-2016,09-06-2016,22-05-2016,1,188.04,10,4,2,2, $22.0 ,50," $1,100.0 "," $1,099.9 ",5%
10533,FOLKO,8,12-05-2016,09-06-2016,22-05-2016,1,188.04,10,72,14,4, $34.8 ,24, $835.2 , $835.2 ,0%
10533,FOLKO,8,12-05-2016,09-06-2016,22-05-2016,1,188.04,10,73,17,8, $15.0 ,24, $360.0 , $359.9 ,5%
10534,LEHMS,8,12-05-2016,09-06-2016,14-05-2016,2,27.94,2,30,13,8, $25.9 ,10, $258.9 , $258.9 ,0%
10534,LEHMS,8,12-05-2016,09-06-2016,14-05-2016,2,27.94,2,40,19,8, $18.4 ,10, $184.0 , $183.8 ,20%
10534,LEHMS,8,12-05-2016,09-06-2016,14-05-2016,2,27.94,2,54,25,6, $7.5 ,10, $74.5 , $74.3 ,20%
10535,ANTON,4,13-05-2016,10-06-2016,21-05-2016,1,15.64,8,11,5,4, $21.0 ,50," $1,050.0 "," $1,049.9 ",10%
10535,ANTON,4,13-05-2016,10-06-2016,21-05-2016,1,15.64,8,40,19,8, $18.4 ,10, $184.0 , $183.9 ,10%
10535,ANTON,4,13-05-2016,10-06-2016,21-05-2016,1,15.64,8,57,26,5, $19.5 ,5, $97.5 , $97.4 ,10%
10535,ANTON,4,13-05-2016,10-06-2016,21-05-2016,1,15.64,8,59,28,4, $55.0 ,15, $825.0 , $824.9 ,10%
10536,LEHMS,3,14-05-2016,11-06-2016,06-06-2016,2,58.88,23,12,5,4, $38.0 ,15, $570.0 , $569.8 ,25%
10536,LEHMS,3,14-05-2016,11-06-2016,06-06-2016,2,58.88,23,31,14,4, $12.5 ,20, $250.0 , $250.0 ,0%
10536,LEHMS,3,14-05-2016,11-06-2016,06-06-2016,2,58.88,23,33,15,4, $2.5 ,30, $75.0 , $75.0 ,0%
10536,LEHMS,3,14-05-2016,11-06-2016,06-06-2016,2,58.88,23,60,28,4, $34.0 ,35," $1,190.0 "," $1,189.8 ",25%
10537,RICSU,1,14-05-2016,28-05-2016,19-05-2016,1,78.85,5,31,14,4, $12.5 ,30, $375.0 , $375.0 ,0%
10537,RICSU,1,14-05-2016,28-05-2016,19-05-2016,1,78.85,5,51,24,7, $53.0 ,6, $318.0 , $318.0 ,0%
10537,RICSU,1,14-05-2016,28-05-2016,19-05-2016,1,78.85,5,58,27,8, $13.3 ,20, $265.0 , $265.0 ,0%
10537,RICSU,1,14-05-2016,28-05-2016,19-05-2016,1,78.85,5,72,14,4, $34.8 ,21, $730.8 , $730.8 ,0%
10537,RICSU,1,14-05-2016,28-05-2016,19-05-2016,1,78.85,5,73,17,8, $15.0 ,9, $135.0 , $135.0 ,0%
10538,BSBEV,9,15-05-2016,12-06-2016,16-05-2016,3,4.87,1,70,7,1, $15.0 ,7, $105.0 , $105.0 ,0%
10538,BSBEV,9,15-05-2016,12-06-2016,16-05-2016,3,4.87,1,72,14,4, $34.8 ,1, $34.8 , $34.8 ,0%
10539,BSBEV,6,16-05-2016,13-06-2016,23-05-2016,3,12.36,7,13,6,8, $6.0 ,8, $48.0 , $48.0 ,0%
10539,BSBEV,6,16-05-2016,13-06-2016,23-05-2016,3,12.36,7,21,8,3, $10.0 ,15, $150.0 , $150.0 ,0%
10539,BSBEV,6,16-05-2016,13-06-2016,23-05-2016,3,12.36,7,33,15,4, $2.5 ,15, $37.5 , $37.5 ,0%
10539,BSBEV,6,16-05-2016,13-06-2016,23-05-2016,3,12.36,7,49,23,3, $20.0 ,6, $120.0 , $120.0 ,0%
10540,QUICK,3,19-05-2016,16-06-2016,13-06-2016,3,1007.64,25,3,1,2, $10.0 ,60, $600.0 , $600.0 ,0%
10540,QUICK,3,19-05-2016,16-06-2016,13-06-2016,3,1007.64,25,26,11,3, $31.2 ,40," $1,249.2 "," $1,249.2 ",0%
10540,QUICK,3,19-05-2016,16-06-2016,13-06-2016,3,1007.64,25,38,18,1, $263.5 ,30," $7,905.0 "," $7,905.0 ",0%
10540,QUICK,3,19-05-2016,16-06-2016,13-06-2016,3,1007.64,25,68,8,3, $12.5 ,35, $437.5 , $437.5 ,0%
10541,HANAR,2,19-05-2016,16-06-2016,29-05-2016,1,68.65,10,24,10,1, $4.5 ,35, $157.5 , $157.4 ,10%
10541,HANAR,2,19-05-2016,16-06-2016,29-05-2016,1,68.65,10,38,18,1, $263.5 ,4," $1,054.0 "," $1,053.9 ",10%
10541,HANAR,2,19-05-2016,16-06-2016,29-05-2016,1,68.65,10,65,2,2, $21.1 ,36, $757.8 , $757.7 ,10%
10541,HANAR,2,19-05-2016,16-06-2016,29-05-2016,1,68.65,10,71,15,4, $21.5 ,9, $193.5 , $193.4 ,10%
10542,KOENE,1,20-05-2016,17-06-2016,26-05-2016,3,10.95,6,11,5,4, $21.0 ,15, $315.0 , $314.9 ,5%
10542,KOENE,1,20-05-2016,17-06-2016,26-05-2016,3,10.95,6,54,25,6, $7.5 ,24, $178.8 , $178.7 ,5%
10543,LILAS,8,21-05-2016,18-06-2016,23-05-2016,2,48.17,2,12,5,4, $38.0 ,30," $1,140.0 "," $1,139.8 ",15%
10543,LILAS,8,21-05-2016,18-06-2016,23-05-2016,2,48.17,2,23,9,5, $9.0 ,70, $630.0 , $629.8 ,15%
10544,LONEP,4,21-05-2016,18-06-2016,30-05-2016,1,24.91,9,28,12,7, $45.6 ,7, $319.2 , $319.2 ,0%
10544,LONEP,4,21-05-2016,18-06-2016,30-05-2016,1,24.91,9,67,16,1, $14.0 ,7, $98.0 , $98.0 ,0%
10545,LAZYK,8,22-05-2016,19-06-2016,26-06-2016,2,11.92,35,11,5,4, $21.0 ,10, $210.0 , $210.0 ,0%
10546,VICTE,1,23-05-2016,20-06-2016,27-05-2016,3,194.72,4,7,3,7, $30.0 ,10, $300.0 , $300.0 ,0%
10546,VICTE,1,23-05-2016,20-06-2016,27-05-2016,3,194.72,4,35,16,1, $18.0 ,30, $540.0 , $540.0 ,0%
10546,VICTE,1,23-05-2016,20-06-2016,27-05-2016,3,194.72,4,62,29,3, $49.3 ,40," $1,972.0 "," $1,972.0 ",0%
10547,SEVES,3,23-05-2016,20-06-2016,02-06-2016,2,178.43,10,32,14,4, $32.0 ,24, $768.0 , $767.8 ,15%
10547,SEVES,3,23-05-2016,20-06-2016,02-06-2016,2,178.43,10,36,17,8, $19.0 ,60," $1,140.0 "," $1,140.0 ",0%
10548,TOMSP,3,26-05-2016,23-06-2016,02-06-2016,2,1.43,7,34,16,1, $14.0 ,10, $140.0 , $139.8 ,25%
10548,TOMSP,3,26-05-2016,23-06-2016,02-06-2016,2,1.43,7,41,19,8, $9.7 ,14, $135.1 , $135.1 ,0%
10549,QUICK,5,27-05-2016,10-06-2016,30-05-2016,1,171.24,3,31,14,4, $12.5 ,55, $687.5 , $687.3 ,15%
10549,QUICK,5,27-05-2016,10-06-2016,30-05-2016,1,171.24,3,45,21,8, $9.5 ,100, $950.0 , $949.8 ,15%
10549,QUICK,5,27-05-2016,10-06-2016,30-05-2016,1,171.24,3,51,24,7, $53.0 ,48," $2,544.0 "," $2,543.8 ",15%
10550,GODOS,7,28-05-2016,25-06-2016,06-06-2016,3,4.32,9,17,7,6, $39.0 ,8, $312.0 , $311.9 ,10%
10550,GODOS,7,28-05-2016,25-06-2016,06-06-2016,3,4.32,9,19,8,3, $9.2 ,10, $92.0 , $92.0 ,0%
10550,GODOS,7,28-05-2016,25-06-2016,06-06-2016,3,4.32,9,21,8,3, $10.0 ,6, $60.0 , $59.9 ,10%
10550,GODOS,7,28-05-2016,25-06-2016,06-06-2016,3,4.32,9,61,29,2, $28.5 ,10, $285.0 , $284.9 ,10%
10551,FURIB,4,28-05-2016,09-07-2016,06-06-2016,3,72.95,9,16,7,3, $17.5 ,40, $698.0 , $697.8 ,15%
10551,FURIB,4,28-05-2016,09-07-2016,06-06-2016,3,72.95,9,35,16,1, $18.0 ,20, $360.0 , $359.8 ,15%
10551,FURIB,4,28-05-2016,09-07-2016,06-06-2016,3,72.95,9,44,20,2, $19.5 ,40, $778.0 , $778.0 ,0%
10552,HILAA,2,29-05-2016,26-06-2016,05-06-2016,1,83.22,7,69,15,4, $36.0 ,18, $648.0 , $648.0 ,0%
10552,HILAA,2,29-05-2016,26-06-2016,05-06-2016,1,83.22,7,75,12,1, $7.8 ,30, $232.5 , $232.5 ,0%
10553,WARTH,2,30-05-2016,27-06-2016,03-06-2016,2,149.49,4,11,5,4, $21.0 ,15, $315.0 , $315.0 ,0%
10553,WARTH,2,30-05-2016,27-06-2016,03-06-2016,2,149.49,4,16,7,3, $17.5 ,14, $244.3 , $244.3 ,0%
10553,WARTH,2,30-05-2016,27-06-2016,03-06-2016,2,149.49,4,22,9,5, $21.0 ,24, $504.0 , $504.0 ,0%
10553,WARTH,2,30-05-2016,27-06-2016,03-06-2016,2,149.49,4,31,14,4, $12.5 ,30, $375.0 , $375.0 ,0%
10553,WARTH,2,30-05-2016,27-06-2016,03-06-2016,2,149.49,4,35,16,1, $18.0 ,6, $108.0 , $108.0 ,0%
10554,OTTIK,4,30-05-2016,27-06-2016,05-06-2016,3,120.97,6,16,7,3, $17.5 ,30, $523.5 , $523.4 ,5%
10554,OTTIK,4,30-05-2016,27-06-2016,05-06-2016,3,120.97,6,23,9,5, $9.0 ,20, $180.0 , $179.9 ,5%
10554,OTTIK,4,30-05-2016,27-06-2016,05-06-2016,3,120.97,6,62,29,3, $49.3 ,20, $986.0 , $985.9 ,5%
10554,OTTIK,4,30-05-2016,27-06-2016,05-06-2016,3,120.97,6,77,12,2, $13.0 ,10, $130.0 , $129.9 ,5%
10555,SAVEA,6,02-06-2016,30-06-2016,04-06-2016,3,252.49,2,14,6,7, $23.3 ,30, $697.5 , $697.3 ,20%
10555,SAVEA,6,02-06-2016,30-06-2016,04-06-2016,3,252.49,2,19,8,3, $9.2 ,35, $322.0 , $321.8 ,20%
10555,SAVEA,6,02-06-2016,30-06-2016,04-06-2016,3,252.49,2,24,10,1, $4.5 ,18, $81.0 , $80.8 ,20%
10555,SAVEA,6,02-06-2016,30-06-2016,04-06-2016,3,252.49,2,51,24,7, $53.0 ,20," $1,060.0 "," $1,059.8 ",20%
10555,SAVEA,6,02-06-2016,30-06-2016,04-06-2016,3,252.49,2,56,26,5, $38.0 ,40," $1,520.0 "," $1,519.8 ",20%
10556,SIMOB,2,03-06-2016,15-07-2016,13-06-2016,1,9.8,10,72,14,4, $34.8 ,24, $835.2 , $835.2 ,0%
10557,LEHMS,9,03-06-2016,17-06-2016,06-06-2016,2,96.72,3,64,12,5, $33.3 ,30, $997.5 , $997.5 ,0%
10557,LEHMS,9,03-06-2016,17-06-2016,06-06-2016,2,96.72,3,75,12,1, $7.8 ,20, $155.0 , $155.0 ,0%
10558,AROUT,1,04-06-2016,02-07-2016,10-06-2016,2,72.97,6,47,22,3, $9.5 ,25, $237.5 , $237.5 ,0%
10558,AROUT,1,04-06-2016,02-07-2016,10-06-2016,2,72.97,6,51,24,7, $53.0 ,20," $1,060.0 "," $1,060.0 ",0%
10558,AROUT,1,04-06-2016,02-07-2016,10-06-2016,2,72.97,6,52,24,5, $7.0 ,30, $210.0 , $210.0 ,0%
10558,AROUT,1,04-06-2016,02-07-2016,10-06-2016,2,72.97,6,53,24,6, $32.8 ,18, $590.4 , $590.4 ,0%
10558,AROUT,1,04-06-2016,02-07-2016,10-06-2016,2,72.97,6,73,17,8, $15.0 ,3, $45.0 , $45.0 ,0%
10559,BLONP,6,05-06-2016,03-07-2016,13-06-2016,1,8.05,8,41,19,8, $9.7 ,12, $115.8 , $115.7 ,5%
10559,BLONP,6,05-06-2016,03-07-2016,13-06-2016,1,8.05,8,55,25,6, $24.0 ,18, $432.0 , $431.9 ,5%
10560,FRANK,8,06-06-2016,04-07-2016,09-06-2016,1,36.65,3,30,13,8, $25.9 ,20, $517.8 , $517.8 ,0%
10560,FRANK,8,06-06-2016,04-07-2016,09-06-2016,1,36.65,3,62,29,3, $49.3 ,15, $739.5 , $739.3 ,25%
10561,FOLKO,2,06-06-2016,04-07-2016,09-06-2016,2,242.21,3,44,20,2, $19.5 ,10, $194.5 , $194.5 ,0%
10561,FOLKO,2,06-06-2016,04-07-2016,09-06-2016,2,242.21,3,51,24,7, $53.0 ,50," $2,650.0 "," $2,650.0 ",0%
10562,REGGC,1,09-06-2016,07-07-2016,12-06-2016,1,22.95,3,33,15,4, $2.5 ,20, $50.0 , $49.9 ,10%
10562,REGGC,1,09-06-2016,07-07-2016,12-06-2016,1,22.95,3,62,29,3, $49.3 ,10, $493.0 , $492.9 ,10%
10563,RICAR,2,10-06-2016,22-07-2016,24-06-2016,2,60.43,14,36,17,8, $19.0 ,25, $475.0 , $475.0 ,0%
10563,RICAR,2,10-06-2016,22-07-2016,24-06-2016,2,60.43,14,52,24,5, $7.0 ,70, $490.0 , $490.0 ,0%
10564,RATTC,4,10-06-2016,08-07-2016,16-06-2016,3,13.75,6,17,7,6, $39.0 ,16, $624.0 , $623.9 ,5%
10564,RATTC,4,10-06-2016,08-07-2016,16-06-2016,3,13.75,6,31,14,4, $12.5 ,6, $75.0 , $74.9 ,5%
10564,RATTC,4,10-06-2016,08-07-2016,16-06-2016,3,13.75,6,55,25,6, $24.0 ,25, $600.0 , $599.9 ,5%
10565,MEREP,8,11-06-2016,09-07-2016,18-06-2016,2,7.15,7,24,10,1, $4.5 ,25, $112.5 , $112.4 ,10%
10565,MEREP,8,11-06-2016,09-07-2016,18-06-2016,2,7.15,7,64,12,5, $33.3 ,18, $598.5 , $598.4 ,10%
10566,BLONP,9,12-06-2016,10-07-2016,18-06-2016,1,88.4,6,11,5,4, $21.0 ,35, $735.0 , $734.8 ,15%
10566,BLONP,9,12-06-2016,10-07-2016,18-06-2016,1,88.4,6,18,7,8, $62.5 ,18," $1,125.0 "," $1,124.8 ",15%
10566,BLONP,9,12-06-2016,10-07-2016,18-06-2016,1,88.4,6,76,23,1, $18.0 ,10, $180.0 , $180.0 ,0%
10567,HUNGO,1,12-06-2016,10-07-2016,17-06-2016,1,33.97,5,31,14,4, $12.5 ,60, $750.0 , $749.8 ,20%
10567,HUNGO,1,12-06-2016,10-07-2016,17-06-2016,1,33.97,5,51,24,7, $53.0 ,3, $159.0 , $159.0 ,0%
10567,HUNGO,1,12-06-2016,10-07-2016,17-06-2016,1,33.97,5,59,28,4, $55.0 ,40," $2,200.0 "," $2,199.8 ",20%
10568,GALED,3,13-06-2016,11-07-2016,09-07-2016,3,6.54,26,10,4,8, $31.0 ,5, $155.0 , $155.0 ,0%
10569,RATTC,5,16-06-2016,14-07-2016,11-07-2016,1,58.98,25,31,14,4, $12.5 ,35, $437.5 , $437.3 ,20%
10569,RATTC,5,16-06-2016,14-07-2016,11-07-2016,1,58.98,25,76,23,1, $18.0 ,30, $540.0 , $540.0 ,0%
10570,MEREP,3,17-06-2016,15-07-2016,19-06-2016,3,188.99,2,11,5,4, $21.0 ,15, $315.0 , $314.9 ,5%
10570,MEREP,3,17-06-2016,15-07-2016,19-06-2016,3,188.99,2,56,26,5, $38.0 ,60," $2,280.0 "," $2,279.9 ",5%
10571,ERNSH,8,17-06-2016,29-07-2016,04-07-2016,3,26.06,17,14,6,7, $23.3 ,11, $255.8 , $255.6 ,15%
10571,ERNSH,8,17-06-2016,29-07-2016,04-07-2016,3,26.06,17,42,20,5, $14.0 ,28, $392.0 , $391.8 ,15%
10572,BERGS,3,18-06-2016,16-07-2016,25-06-2016,2,116.43,7,16,7,3, $17.5 ,12, $209.4 , $209.3 ,10%
10572,BERGS,3,18-06-2016,16-07-2016,25-06-2016,2,116.43,7,32,14,4, $32.0 ,10, $320.0 , $319.9 ,10%
10572,BERGS,3,18-06-2016,16-07-2016,25-06-2016,2,116.43,7,40,19,8, $18.4 ,50, $920.0 , $920.0 ,0%
10572,BERGS,3,18-06-2016,16-07-2016,25-06-2016,2,116.43,7,75,12,1, $7.8 ,15, $116.3 , $116.1 ,10%
10573,ANTON,7,19-06-2016,17-07-2016,20-06-2016,3,84.84,1,17,7,6, $39.0 ,18, $702.0 , $702.0 ,0%
10573,ANTON,7,19-06-2016,17-07-2016,20-06-2016,3,84.84,1,34,16,1, $14.0 ,40, $560.0 , $560.0 ,0%
10573,ANTON,7,19-06-2016,17-07-2016,20-06-2016,3,84.84,1,53,24,6, $32.8 ,25, $820.0 , $820.0 ,0%
10574,TRAIH,4,19-06-2016,17-07-2016,30-06-2016,2,37.6,11,33,15,4, $2.5 ,14, $35.0 , $35.0 ,0%
10574,TRAIH,4,19-06-2016,17-07-2016,30-06-2016,2,37.6,11,40,19,8, $18.4 ,2, $36.8 , $36.8 ,0%
10574,TRAIH,4,19-06-2016,17-07-2016,30-06-2016,2,37.6,11,62,29,3, $49.3 ,10, $493.0 , $493.0 ,0%
10574,TRAIH,4,19-06-2016,17-07-2016,30-06-2016,2,37.6,11,64,12,5, $33.3 ,6, $199.5 , $199.5 ,0%
10575,MORGK,5,20-06-2016,04-07-2016,30-06-2016,1,127.34,10,59,28,4, $55.0 ,12, $660.0 , $660.0 ,0%
10575,MORGK,5,20-06-2016,04-07-2016,30-06-2016,1,127.34,10,63,7,2, $43.9 ,6, $263.4 , $263.4 ,0%
10575,MORGK,5,20-06-2016,04-07-2016,30-06-2016,1,127.34,10,72,14,4, $34.8 ,30," $1,044.0 "," $1,044.0 ",0%
10575,MORGK,5,20-06-2016,04-07-2016,30-06-2016,1,127.34,10,76,23,1, $18.0 ,10, $180.0 , $180.0 ,0%
10576,TORTU,3,23-06-2016,07-07-2016,30-06-2016,3,18.56,7,1,1,1, $18.0 ,10, $180.0 , $180.0 ,0%
10576,TORTU,3,23-06-2016,07-07-2016,30-06-2016,3,18.56,7,31,14,4, $12.5 ,20, $250.0 , $250.0 ,0%
10576,TORTU,3,23-06-2016,07-07-2016,30-06-2016,3,18.56,7,44,20,2, $19.5 ,21, $408.5 , $408.5 ,0%
10577,TRAIH,9,23-06-2016,04-08-2016,30-06-2016,2,25.41,7,39,18,1, $18.0 ,10, $180.0 , $180.0 ,0%
10577,TRAIH,9,23-06-2016,04-08-2016,30-06-2016,2,25.41,7,75,12,1, $7.8 ,20, $155.0 , $155.0 ,0%
10577,TRAIH,9,23-06-2016,04-08-2016,30-06-2016,2,25.41,7,77,12,2, $13.0 ,18, $234.0 , $234.0 ,0%
10578,BSBEV,4,24-06-2016,22-07-2016,25-07-2016,3,29.6,31,35,16,1, $18.0 ,20, $360.0 , $360.0 ,0%
10578,BSBEV,4,24-06-2016,22-07-2016,25-07-2016,3,29.6,31,57,26,5, $19.5 ,6, $117.0 , $117.0 ,0%
10579,LETSS,1,25-06-2016,23-07-2016,04-07-2016,2,13.73,9,15,6,2, $15.5 ,10, $155.0 , $155.0 ,0%
10579,LETSS,1,25-06-2016,23-07-2016,04-07-2016,2,13.73,9,75,12,1, $7.8 ,21, $162.8 , $162.8 ,0%
10580,OTTIK,4,26-06-2016,24-07-2016,01-07-2016,3,75.89,5,14,6,7, $23.3 ,15, $348.8 , $348.7 ,5%
10580,OTTIK,4,26-06-2016,24-07-2016,01-07-2016,3,75.89,5,41,19,8, $9.7 ,9, $86.9 , $86.8 ,5%
10580,OTTIK,4,26-06-2016,24-07-2016,01-07-2016,3,75.89,5,65,2,2, $21.1 ,30, $631.5 , $631.4 ,5%
10581,FAMIA,3,26-06-2016,24-07-2016,02-07-2016,1,3.01,6,75,12,1, $7.8 ,50, $387.5 , $387.3 ,20%
10582,BLAUS,3,27-06-2016,25-07-2016,14-07-2016,2,27.71,17,57,26,5, $19.5 ,4, $78.0 , $78.0 ,0%
10582,BLAUS,3,27-06-2016,25-07-2016,14-07-2016,2,27.71,17,76,23,1, $18.0 ,14, $252.0 , $252.0 ,0%
10583,WARTH,2,30-06-2016,28-07-2016,04-07-2016,2,7.28,4,29,12,6, $123.8 ,10," $1,237.9 "," $1,237.9 ",0%
10583,WARTH,2,30-06-2016,28-07-2016,04-07-2016,2,7.28,4,60,28,4, $34.0 ,24, $816.0 , $815.8 ,15%
10583,WARTH,2,30-06-2016,28-07-2016,04-07-2016,2,7.28,4,69,15,4, $36.0 ,10, $360.0 , $359.8 ,15%
10584,BLONP,4,30-06-2016,28-07-2016,04-07-2016,1,59.14,4,31,14,4, $12.5 ,50, $625.0 , $624.9 ,5%
10585,WELLI,7,01-07-2016,29-07-2016,10-07-2016,1,13.41,9,47,22,3, $9.5 ,15, $142.5 , $142.5 ,0%
10586,REGGC,9,02-07-2016,30-07-2016,09-07-2016,1,0.48,7,52,24,5, $7.0 ,4, $28.0 , $27.8 ,15%
10587,QUEDE,1,02-07-2016,30-07-2016,09-07-2016,1,62.52,7,26,11,3, $31.2 ,6, $187.4 , $187.4 ,0%
10587,QUEDE,1,02-07-2016,30-07-2016,09-07-2016,1,62.52,7,35,16,1, $18.0 ,20, $360.0 , $360.0 ,0%
10587,QUEDE,1,02-07-2016,30-07-2016,09-07-2016,1,62.52,7,77,12,2, $13.0 ,20, $260.0 , $260.0 ,0%
10588,QUICK,2,03-07-2016,31-07-2016,10-07-2016,3,194.67,7,18,7,8, $62.5 ,40," $2,500.0 "," $2,499.8 ",20%
10588,QUICK,2,03-07-2016,31-07-2016,10-07-2016,3,194.67,7,42,20,5, $14.0 ,100," $1,400.0 "," $1,399.8 ",20%
10589,GREAL,8,04-07-2016,01-08-2016,14-07-2016,2,4.42,10,35,16,1, $18.0 ,4, $72.0 , $72.0 ,0%
10590,MEREP,4,07-07-2016,04-08-2016,14-07-2016,3,44.77,7,1,1,1, $18.0 ,20, $360.0 , $360.0 ,0%
10590,MEREP,4,07-07-2016,04-08-2016,14-07-2016,3,44.77,7,77,12,2, $13.0 ,60, $780.0 , $779.9 ,5%
10591,VAFFE,1,07-07-2016,21-07-2016,16-07-2016,1,55.92,9,3,1,2, $10.0 ,14, $140.0 , $140.0 ,0%
10591,VAFFE,1,07-07-2016,21-07-2016,16-07-2016,1,55.92,9,7,3,7, $30.0 ,10, $300.0 , $300.0 ,0%
10591,VAFFE,1,07-07-2016,21-07-2016,16-07-2016,1,55.92,9,54,25,6, $7.5 ,50, $372.5 , $372.5 ,0%
10592,LEHMS,3,08-07-2016,05-08-2016,16-07-2016,1,32.1,8,15,6,2, $15.5 ,25, $387.5 , $387.4 ,5%
10592,LEHMS,3,08-07-2016,05-08-2016,16-07-2016,1,32.1,8,26,11,3, $31.2 ,5, $156.2 , $156.1 ,5%
10593,LEHMS,7,09-07-2016,06-08-2016,13-08-2016,2,174.2,35,20,8,3, $81.0 ,21," $1,701.0 "," $1,700.8 ",20%
10593,LEHMS,7,09-07-2016,06-08-2016,13-08-2016,2,174.2,35,69,15,4, $36.0 ,20, $720.0 , $719.8 ,20%
10593,LEHMS,7,09-07-2016,06-08-2016,13-08-2016,2,174.2,35,76,23,1, $18.0 ,4, $72.0 , $71.8 ,20%
10594,OLDWO,3,09-07-2016,06-08-2016,16-07-2016,2,5.24,7,52,24,5, $7.0 ,24, $168.0 , $168.0 ,0%
10594,OLDWO,3,09-07-2016,06-08-2016,16-07-2016,2,5.24,7,58,27,8, $13.3 ,30, $397.5 , $397.5 ,0%
10595,ERNSH,2,10-07-2016,07-08-2016,14-07-2016,1,96.78,4,35,16,1, $18.0 ,30, $540.0 , $539.8 ,25%
10595,ERNSH,2,10-07-2016,07-08-2016,14-07-2016,1,96.78,4,61,29,2, $28.5 ,120," $3,420.0 "," $3,419.8 ",25%
10595,ERNSH,2,10-07-2016,07-08-2016,14-07-2016,1,96.78,4,69,15,4, $36.0 ,65," $2,340.0 "," $2,339.8 ",25%
10596,WHITC,8,11-07-2016,08-08-2016,12-08-2016,1,16.34,32,56,26,5, $38.0 ,5, $190.0 , $189.8 ,20%
10596,WHITC,8,11-07-2016,08-08-2016,12-08-2016,1,16.34,32,63,7,2, $43.9 ,24," $1,053.6 "," $1,053.4 ",20%
10596,WHITC,8,11-07-2016,08-08-2016,12-08-2016,1,16.34,32,75,12,1, $7.8 ,30, $232.5 , $232.3 ,20%
10597,PICCO,7,11-07-2016,08-08-2016,18-07-2016,3,35.12,7,24,10,1, $4.5 ,35, $157.5 , $157.3 ,20%
10597,PICCO,7,11-07-2016,08-08-2016,18-07-2016,3,35.12,7,57,26,5, $19.5 ,20, $390.0 , $390.0 ,0%
10597,PICCO,7,11-07-2016,08-08-2016,18-07-2016,3,35.12,7,65,2,2, $21.1 ,12, $252.6 , $252.4 ,20%
10598,RATTC,1,14-07-2016,11-08-2016,18-07-2016,3,44.42,4,27,11,3, $43.9 ,50," $2,195.0 "," $2,195.0 ",0%
10598,RATTC,1,14-07-2016,11-08-2016,18-07-2016,3,44.42,4,71,15,4, $21.5 ,9, $193.5 , $193.5 ,0%
10599,BSBEV,6,15-07-2016,26-08-2016,21-07-2016,3,29.98,6,62,29,3, $49.3 ,10, $493.0 , $493.0 ,0%
10600,HUNGC,4,16-07-2016,13-08-2016,21-07-2016,1,45.13,5,54,25,6, $7.5 ,4, $29.8 , $29.8 ,0%
10600,HUNGC,4,16-07-2016,13-08-2016,21-07-2016,1,45.13,5,73,17,8, $15.0 ,30, $450.0 , $450.0 ,0%
10601,HILAA,7,16-07-2016,27-08-2016,22-07-2016,1,58.3,6,13,6,8, $6.0 ,60, $360.0 , $360.0 ,0%
10601,HILAA,7,16-07-2016,27-08-2016,22-07-2016,1,58.3,6,59,28,4, $55.0 ,35," $1,925.0 "," $1,925.0 ",0%
10602,VAFFE,8,17-07-2016,14-08-2016,22-07-2016,2,2.92,5,77,12,2, $13.0 ,5, $65.0 , $64.8 ,25%
10603,SAVEA,8,18-07-2016,15-08-2016,08-08-2016,2,48.77,21,22,9,5, $21.0 ,48," $1,008.0 "," $1,008.0 ",0%
10603,SAVEA,8,18-07-2016,15-08-2016,08-08-2016,2,48.77,21,49,23,3, $20.0 ,25, $500.0 , $499.9 ,5%
10604,FURIB,1,18-07-2016,15-08-2016,29-07-2016,1,7.46,11,48,22,3, $12.8 ,6, $76.5 , $76.4 ,10%
10604,FURIB,1,18-07-2016,15-08-2016,29-07-2016,1,7.46,11,76,23,1, $18.0 ,10, $180.0 , $179.9 ,10%
10605,MEREP,1,21-07-2016,18-08-2016,29-07-2016,2,379.13,8,16,7,3, $17.5 ,30, $523.5 , $523.4 ,5%
10605,MEREP,1,21-07-2016,18-08-2016,29-07-2016,2,379.13,8,59,28,4, $55.0 ,20," $1,100.0 "," $1,099.9 ",5%
10605,MEREP,1,21-07-2016,18-08-2016,29-07-2016,2,379.13,8,60,28,4, $34.0 ,70," $2,380.0 "," $2,379.9 ",5%
10605,MEREP,1,21-07-2016,18-08-2016,29-07-2016,2,379.13,8,71,15,4, $21.5 ,15, $322.5 , $322.4 ,5%
10606,TRADH,4,22-07-2016,19-08-2016,31-07-2016,3,79.4,9,4,2,2, $22.0 ,20, $440.0 , $439.8 ,20%
10606,TRADH,4,22-07-2016,19-08-2016,31-07-2016,3,79.4,9,55,25,6, $24.0 ,20, $480.0 , $479.8 ,20%
10606,TRADH,4,22-07-2016,19-08-2016,31-07-2016,3,79.4,9,62,29,3, $49.3 ,10, $493.0 , $492.8 ,20%
10607,SAVEA,5,22-07-2016,19-08-2016,25-07-2016,1,200.24,3,7,3,7, $30.0 ,45," $1,350.0 "," $1,350.0 ",0%
10607,SAVEA,5,22-07-2016,19-08-2016,25-07-2016,1,200.24,3,17,7,6, $39.0 ,100," $3,900.0 "," $3,900.0 ",0%
10607,SAVEA,5,22-07-2016,19-08-2016,25-07-2016,1,200.24,3,33,15,4, $2.5 ,14, $35.0 , $35.0 ,0%
10607,SAVEA,5,22-07-2016,19-08-2016,25-07-2016,1,200.24,3,40,19,8, $18.4 ,42, $772.8 , $772.8 ,0%
10607,SAVEA,5,22-07-2016,19-08-2016,25-07-2016,1,200.24,3,72,14,4, $34.8 ,12, $417.6 , $417.6 ,0%
10608,TOMSP,4,23-07-2016,20-08-2016,01-08-2016,2,27.79,9,56,26,5, $38.0 ,28," $1,064.0 "," $1,064.0 ",0%
10609,DUMON,7,24-07-2016,21-08-2016,30-07-2016,2,1.85,6,1,1,1, $18.0 ,3, $54.0 , $54.0 ,0%
10609,DUMON,7,24-07-2016,21-08-2016,30-07-2016,2,1.85,6,10,4,8, $31.0 ,10, $310.0 , $310.0 ,0%
10609,DUMON,7,24-07-2016,21-08-2016,30-07-2016,2,1.85,6,21,8,3, $10.0 ,6, $60.0 , $60.0 ,0%
10610,LAMAI,8,25-07-2016,22-08-2016,06-08-2016,1,26.78,12,36,17,8, $19.0 ,21, $399.0 , $398.8 ,25%
10611,WOLZA,6,25-07-2016,22-08-2016,01-08-2016,2,80.65,7,1,1,1, $18.0 ,6, $108.0 , $108.0 ,0%
10611,WOLZA,6,25-07-2016,22-08-2016,01-08-2016,2,80.65,7,2,1,1, $19.0 ,10, $190.0 , $190.0 ,0%
10611,WOLZA,6,25-07-2016,22-08-2016,01-08-2016,2,80.65,7,60,28,4, $34.0 ,15, $510.0 , $510.0 ,0%
10612,SAVEA,1,28-07-2016,25-08-2016,01-08-2016,2,544.08,4,10,4,8, $31.0 ,70," $2,170.0 "," $2,170.0 ",0%
10612,SAVEA,1,28-07-2016,25-08-2016,01-08-2016,2,544.08,4,36,17,8, $19.0 ,55," $1,045.0 "," $1,045.0 ",0%
10612,SAVEA,1,28-07-2016,25-08-2016,01-08-2016,2,544.08,4,49,23,3, $20.0 ,18, $360.0 , $360.0 ,0%
10612,SAVEA,1,28-07-2016,25-08-2016,01-08-2016,2,544.08,4,60,28,4, $34.0 ,40," $1,360.0 "," $1,360.0 ",0%
10612,SAVEA,1,28-07-2016,25-08-2016,01-08-2016,2,544.08,4,76,23,1, $18.0 ,80," $1,440.0 "," $1,440.0 ",0%
10613,HILAA,4,29-07-2016,26-08-2016,01-08-2016,2,8.11,3,13,6,8, $6.0 ,8, $48.0 , $47.9 ,10%
10613,HILAA,4,29-07-2016,26-08-2016,01-08-2016,2,8.11,3,75,12,1, $7.8 ,40, $310.0 , $310.0 ,0%
10614,BLAUS,8,29-07-2016,26-08-2016,01-08-2016,3,1.93,3,11,5,4, $21.0 ,14, $294.0 , $294.0 ,0%
10614,BLAUS,8,29-07-2016,26-08-2016,01-08-2016,3,1.93,3,21,8,3, $10.0 ,8, $80.0 , $80.0 ,0%
10614,BLAUS,8,29-07-2016,26-08-2016,01-08-2016,3,1.93,3,39,18,1, $18.0 ,5, $90.0 , $90.0 ,0%
10615,WILMK,2,30-07-2016,27-08-2016,06-08-2016,3,0.75,7,55,25,6, $24.0 ,5, $120.0 , $120.0 ,0%
10616,GREAL,1,31-07-2016,28-08-2016,05-08-2016,2,116.53,5,38,18,1, $263.5 ,15," $3,952.5 "," $3,952.4 ",5%
10616,GREAL,1,31-07-2016,28-08-2016,05-08-2016,2,116.53,5,56,26,5, $38.0 ,14, $532.0 , $532.0 ,0%
10616,GREAL,1,31-07-2016,28-08-2016,05-08-2016,2,116.53,5,70,7,1, $15.0 ,15, $225.0 , $224.9 ,5%
10616,GREAL,1,31-07-2016,28-08-2016,05-08-2016,2,116.53,5,71,15,4, $21.5 ,15, $322.5 , $322.4 ,5%
10617,GREAL,4,31-07-2016,28-08-2016,04-08-2016,2,18.53,4,59,28,4, $55.0 ,30," $1,650.0 "," $1,649.8 ",15%
10618,MEREP,1,01-08-2016,12-09-2016,08-08-2016,1,154.68,7,6,3,2, $25.0 ,70," $1,750.0 "," $1,750.0 ",0%
10618,MEREP,1,01-08-2016,12-09-2016,08-08-2016,1,154.68,7,56,26,5, $38.0 ,20, $760.0 , $760.0 ,0%
10618,MEREP,1,01-08-2016,12-09-2016,08-08-2016,1,154.68,7,68,8,3, $12.5 ,15, $187.5 , $187.5 ,0%
10619,MEREP,3,04-08-2016,01-09-2016,07-08-2016,3,91.05,3,21,8,3, $10.0 ,42, $420.0 , $420.0 ,0%
10619,MEREP,3,04-08-2016,01-09-2016,07-08-2016,3,91.05,3,22,9,5, $21.0 ,40, $840.0 , $840.0 ,0%
10620,LAUGB,2,05-08-2016,02-09-2016,14-08-2016,3,0.94,9,24,10,1, $4.5 ,5, $22.5 , $22.5 ,0%
10620,LAUGB,2,05-08-2016,02-09-2016,14-08-2016,3,0.94,9,52,24,5, $7.0 ,5, $35.0 , $35.0 ,0%
10621,ISLAT,4,05-08-2016,02-09-2016,11-08-2016,2,23.73,6,19,8,3, $9.2 ,5, $46.0 , $46.0 ,0%
10621,ISLAT,4,05-08-2016,02-09-2016,11-08-2016,2,23.73,6,23,9,5, $9.0 ,10, $90.0 , $90.0 ,0%
10621,ISLAT,4,05-08-2016,02-09-2016,11-08-2016,2,23.73,6,70,7,1, $15.0 ,20, $300.0 , $300.0 ,0%
10621,ISLAT,4,05-08-2016,02-09-2016,11-08-2016,2,23.73,6,71,15,4, $21.5 ,15, $322.5 , $322.5 ,0%
10622,RICAR,4,06-08-2016,03-09-2016,11-08-2016,3,50.97,5,2,1,1, $19.0 ,20, $380.0 , $380.0 ,0%
10622,RICAR,4,06-08-2016,03-09-2016,11-08-2016,3,50.97,5,68,8,3, $12.5 ,18, $225.0 , $224.8 ,20%
10623,FRANK,8,07-08-2016,04-09-2016,12-08-2016,2,97.18,5,14,6,7, $23.3 ,21, $488.3 , $488.3 ,0%
10623,FRANK,8,07-08-2016,04-09-2016,12-08-2016,2,97.18,5,19,8,3, $9.2 ,15, $138.0 , $137.9 ,10%
10623,FRANK,8,07-08-2016,04-09-2016,12-08-2016,2,97.18,5,21,8,3, $10.0 ,25, $250.0 , $249.9 ,10%
10623,FRANK,8,07-08-2016,04-09-2016,12-08-2016,2,97.18,5,24,10,1, $4.5 ,3, $13.5 , $13.5 ,0%
10623,FRANK,8,07-08-2016,04-09-2016,12-08-2016,2,97.18,5,35,16,1, $18.0 ,30, $540.0 , $539.9 ,10%
10624,THECR,4,07-08-2016,04-09-2016,19-08-2016,2,94.8,12,28,12,7, $45.6 ,10, $456.0 , $456.0 ,0%
10624,THECR,4,07-08-2016,04-09-2016,19-08-2016,2,94.8,12,29,12,6, $123.8 ,6, $742.7 , $742.7 ,0%
10624,THECR,4,07-08-2016,04-09-2016,19-08-2016,2,94.8,12,44,20,2, $19.5 ,10, $194.5 , $194.5 ,0%
10625,ANATR,3,08-08-2016,05-09-2016,14-08-2016,1,43.9,6,14,6,7, $23.3 ,3, $69.8 , $69.8 ,0%
10625,ANATR,3,08-08-2016,05-09-2016,14-08-2016,1,43.9,6,42,20,5, $14.0 ,5, $70.0 , $70.0 ,0%
10625,ANATR,3,08-08-2016,05-09-2016,14-08-2016,1,43.9,6,60,28,4, $34.0 ,10, $340.0 , $340.0 ,0%
